timeStamp,elapsed,label,responseCode,responseMessage,threadName,dataType,success,failureMessage,bytes,grpThreads,allThreads,Latency,SampleCount,ErrorCount,IdleTime
1473017120015,105,HTTP Request,200,OK,Thread Group 1-4,text,true,,149,10,10,105,1,0,0
1473017120015,106,HTTP Request,200,OK,Thread Group 1-3,text,true,,149,10,10,105,1,0,0
1473017120015,105,HTTP Request,200,OK,Thread Group 1-9,text,true,,149,10,10,105,1,0,0
1473017120011,110,HTTP Request,200,OK,Thread Group 1-7,text,true,,149,10,10,110,1,0,0
1473017120015,105,HTTP Request,200,OK,Thread Group 1-6,text,true,,149,10,10,105,1,0,0
1473017120011,110,HTTP Request,200,OK,Thread Group 1-5,text,true,,149,10,10,110,1,0,0
1473017120015,105,HTTP Request,200,OK,Thread Group 1-8,text,true,,149,10,10,105,1,0,0
1473017120015,105,HTTP Request,200,OK,Thread Group 1-10,text,true,,151,10,10,105,1,0,0
1473017120011,109,HTTP Request,200,OK,Thread Group 1-2,text,true,,149,10,10,109,1,0,0
1473017120011,110,HTTP Request,200,OK,Thread Group 1-1,text,true,,149,10,10,110,1,0,0
1473017120123,55,HTTP Request,200,OK,Thread Group 1-10,text,true,,149,10,10,55,1,0,0
1473017120122,56,HTTP Request,200,OK,Thread Group 1-8,text,true,,149,10,10,56,1,0,0
1473017120122,56,HTTP Request,200,OK,Thread Group 1-5,text,true,,149,10,10,56,1,0,0
1473017120122,57,HTTP Request,200,OK,Thread Group 1-9,text,true,,150,10,10,57,1,0,0
1473017120122,56,HTTP Request,200,OK,Thread Group 1-6,text,true,,149,10,10,56,1,0,0
1473017120123,55,HTTP Request,200,OK,Thread Group 1-2,text,true,,150,10,10,55,1,0,0
1473017120122,56,HTTP Request,200,OK,Thread Group 1-7,text,true,,149,10,10,56,1,0,0
1473017120123,55,HTTP Request,200,OK,Thread Group 1-1,text,true,,149,10,10,55,1,0,0
1473017120122,70,HTTP Request,200,OK,Thread Group 1-4,text,true,,149,10,10,70,1,0,0
1473017120122,71,HTTP Request,200,OK,Thread Group 1-3,text,true,,150,10,10,71,1,0,0
1473017120179,25,HTTP Request,200,OK,Thread Group 1-10,text,true,,149,10,10,25,1,0,0
1473017120180,34,HTTP Request,200,OK,Thread Group 1-5,text,true,,151,10,10,34,1,0,0
1473017120180,37,HTTP Request,200,OK,Thread Group 1-8,text,true,,151,10,10,37,1,0,0
1473017120181,40,HTTP Request,200,OK,Thread Group 1-2,text,true,,149,10,10,40,1,0,0
1473017120180,42,HTTP Request,200,OK,Thread Group 1-9,text,true,,149,10,10,42,1,0,0
1473017120181,50,HTTP Request,200,OK,Thread Group 1-7,text,true,,149,10,10,50,1,0,0
1473017120193,38,HTTP Request,200,OK,Thread Group 1-3,text,true,,149,10,10,38,1,0,0
1473017120181,50,HTTP Request,200,OK,Thread Group 1-6,text,true,,149,10,10,50,1,0,0
1473017120205,44,HTTP Request,200,OK,Thread Group 1-10,text,true,,149,10,10,44,1,0,0
1473017120214,35,HTTP Request,200,OK,Thread Group 1-5,text,true,,149,10,10,35,1,0,0
1473017120181,68,HTTP Request,200,OK,Thread Group 1-1,text,true,,149,10,10,68,1,0,0
1473017120222,27,HTTP Request,200,OK,Thread Group 1-9,text,true,,149,10,10,27,1,0,0
1473017120217,32,HTTP Request,200,OK,Thread Group 1-8,text,true,,149,10,10,32,1,0,0
1473017120222,27,HTTP Request,200,OK,Thread Group 1-2,text,true,,149,10,10,27,1,0,0
1473017120192,59,HTTP Request,200,OK,Thread Group 1-4,text,true,,150,10,10,59,1,0,0
1473017120231,23,HTTP Request,200,OK,Thread Group 1-3,text,true,,149,10,10,23,1,0,0
1473017120231,23,HTTP Request,200,OK,Thread Group 1-7,text,true,,149,10,10,23,1,0,0
1473017120232,27,HTTP Request,200,OK,Thread Group 1-6,text,true,,149,10,10,27,1,0,0
1473017120249,28,HTTP Request,200,OK,Thread Group 1-9,text,true,,149,10,10,28,1,0,0
1473017120251,30,HTTP Request,200,OK,Thread Group 1-5,text,true,,151,10,10,30,1,0,0
1473017120249,32,HTTP Request,200,OK,Thread Group 1-8,text,true,,149,10,10,32,1,0,0
1473017120251,31,HTTP Request,200,OK,Thread Group 1-4,text,true,,149,10,10,31,1,0,0
1473017120249,37,HTTP Request,200,OK,Thread Group 1-2,text,true,,150,10,10,37,1,0,0
1473017120249,37,HTTP Request,200,OK,Thread Group 1-10,text,true,,149,10,10,37,1,0,0
1473017120251,35,HTTP Request,200,OK,Thread Group 1-1,text,true,,149,10,10,35,1,0,0
1473017120254,36,HTTP Request,200,OK,Thread Group 1-3,text,true,,149,10,10,36,1,0,0
1473017120254,76,HTTP Request,200,OK,Thread Group 1-7,text,true,,151,10,10,76,1,0,0
1473017120282,59,HTTP Request,200,OK,Thread Group 1-4,text,true,,149,10,10,59,1,0,0
1473017120290,51,HTTP Request,200,OK,Thread Group 1-3,text,true,,149,10,10,51,1,0,0
1473017120282,59,HTTP Request,200,OK,Thread Group 1-8,text,true,,149,10,10,59,1,0,0
1473017120259,82,HTTP Request,200,OK,Thread Group 1-6,text,true,,149,10,10,82,1,0,0
1473017120277,64,HTTP Request,200,OK,Thread Group 1-9,text,true,,151,10,10,64,1,0,0
1473017120282,59,HTTP Request,200,OK,Thread Group 1-5,text,true,,149,10,10,59,1,0,0
1473017120286,55,HTTP Request,200,OK,Thread Group 1-2,text,true,,149,10,10,55,1,0,0
1473017120287,54,HTTP Request,200,OK,Thread Group 1-1,text,true,,149,10,10,54,1,0,0
1473017120286,56,HTTP Request,200,OK,Thread Group 1-10,text,true,,149,10,10,56,1,0,0
1473017120330,51,HTTP Request,200,OK,Thread Group 1-7,text,true,,149,10,10,51,1,0,0
1473017120341,40,HTTP Request,200,OK,Thread Group 1-3,text,true,,149,10,10,40,1,0,0
1473017120341,43,HTTP Request,200,OK,Thread Group 1-4,text,true,,149,10,10,43,1,0,0
1473017120341,46,HTTP Request,200,OK,Thread Group 1-9,text,true,,151,10,10,43,1,0,0
1473017120341,46,HTTP Request,200,OK,Thread Group 1-2,text,true,,149,10,10,46,1,0,0
1473017120341,53,HTTP Request,200,OK,Thread Group 1-8,text,true,,149,10,10,53,1,0,0
1473017120341,78,HTTP Request,200,OK,Thread Group 1-6,text,true,,149,10,10,78,1,0,0
1473017120342,93,HTTP Request,200,OK,Thread Group 1-10,text,true,,151,10,10,93,1,0,0
1473017120381,68,HTTP Request,200,OK,Thread Group 1-7,text,true,,149,10,10,68,1,0,0
1473017120341,117,HTTP Request,200,OK,Thread Group 1-1,text,true,,149,10,10,117,1,0,0
1473017120387,71,HTTP Request,200,OK,Thread Group 1-9,text,true,,150,10,10,71,1,0,0
1473017120384,74,HTTP Request,200,OK,Thread Group 1-4,text,true,,149,10,10,74,1,0,0
1473017120394,64,HTTP Request,200,OK,Thread Group 1-8,text,true,,149,10,10,64,1,0,0
1473017120381,77,HTTP Request,200,OK,Thread Group 1-3,text,true,,149,10,10,77,1,0,0
1473017120419,39,HTTP Request,200,OK,Thread Group 1-6,text,true,,149,10,10,39,1,0,0
1473017120388,70,HTTP Request,200,OK,Thread Group 1-2,text,true,,149,10,10,70,1,0,0
1473017120341,118,HTTP Request,200,OK,Thread Group 1-5,text,true,,150,10,10,118,1,0,0
1473017120449,50,HTTP Request,200,OK,Thread Group 1-7,text,true,,150,10,10,50,1,0,0
1473017120459,43,HTTP Request,200,OK,Thread Group 1-5,text,true,,149,10,10,43,1,0,0
1473017120458,47,HTTP Request,200,OK,Thread Group 1-3,text,true,,149,10,10,47,1,0,0
1473017120458,49,HTTP Request,200,OK,Thread Group 1-6,text,true,,149,10,10,49,1,0,0
1473017120458,50,HTTP Request,200,OK,Thread Group 1-4,text,true,,149,10,10,50,1,0,0
1473017120458,50,HTTP Request,200,OK,Thread Group 1-8,text,true,,149,10,10,50,1,0,0
1473017120435,75,HTTP Request,200,OK,Thread Group 1-10,text,true,,149,10,10,75,1,0,0
1473017120458,52,HTTP Request,200,OK,Thread Group 1-9,text,true,,149,10,10,52,1,0,0
1473017120458,52,HTTP Request,200,OK,Thread Group 1-2,text,true,,150,10,10,52,1,0,0
1473017120458,57,HTTP Request,200,OK,Thread Group 1-1,text,true,,149,10,10,57,1,0,0
1473017120502,23,HTTP Request,200,OK,Thread Group 1-5,text,true,,149,10,10,23,1,0,0
1473017120499,26,HTTP Request,200,OK,Thread Group 1-7,text,true,,149,10,10,26,1,0,0
1473017120505,28,HTTP Request,200,OK,Thread Group 1-3,text,true,,149,10,10,28,1,0,0
1473017120508,30,HTTP Request,200,OK,Thread Group 1-6,text,true,,149,10,10,30,1,0,0
1473017120515,27,HTTP Request,200,OK,Thread Group 1-1,text,true,,149,10,10,27,1,0,0
1473017120510,32,HTTP Request,200,OK,Thread Group 1-9,text,true,,149,10,10,32,1,0,0
1473017120508,36,HTTP Request,200,OK,Thread Group 1-4,text,true,,149,10,10,36,1,0,0
1473017120510,34,HTTP Request,200,OK,Thread Group 1-2,text,true,,149,10,10,34,1,0,0
1473017120510,37,HTTP Request,200,OK,Thread Group 1-10,text,true,,149,10,10,37,1,0,0
1473017120508,39,HTTP Request,200,OK,Thread Group 1-8,text,true,,149,10,10,39,1,0,0
1473017120525,26,HTTP Request,200,OK,Thread Group 1-5,text,true,,150,10,10,26,1,0,0
1473017120526,25,HTTP Request,200,OK,Thread Group 1-7,text,true,,149,10,10,25,1,0,0
1473017120533,23,HTTP Request,200,OK,Thread Group 1-3,text,true,,149,10,10,23,1,0,0
1473017120538,28,HTTP Request,200,OK,Thread Group 1-6,text,true,,151,10,10,28,1,0,0
1473017120542,24,HTTP Request,200,OK,Thread Group 1-1,text,true,,149,10,10,24,1,0,0
1473017120542,24,HTTP Request,200,OK,Thread Group 1-9,text,true,,149,10,10,24,1,0,0
1473017120544,30,HTTP Request,200,OK,Thread Group 1-2,text,true,,149,10,10,30,1,0,0
1473017120544,32,HTTP Request,200,OK,Thread Group 1-4,text,true,,149,10,10,32,1,0,0
1473017120547,38,HTTP Request,200,OK,Thread Group 1-10,text,true,,149,10,10,38,1,0,0
1473017120551,34,HTTP Request,200,OK,Thread Group 1-5,text,true,,149,10,10,34,1,0,0
1473017120551,34,HTTP Request,200,OK,Thread Group 1-7,text,true,,149,10,10,34,1,0,0
1473017120547,38,HTTP Request,200,OK,Thread Group 1-8,text,true,,149,10,10,38,1,0,0
1473017120556,33,HTTP Request,200,OK,Thread Group 1-3,text,true,,149,10,10,33,1,0,0
1473017120566,23,HTTP Request,200,OK,Thread Group 1-1,text,true,,149,10,10,23,1,0,0
1473017120566,23,HTTP Request,200,OK,Thread Group 1-6,text,true,,149,10,10,23,1,0,0
1473017120566,24,HTTP Request,200,OK,Thread Group 1-9,text,true,,149,10,10,24,1,0,0
1473017120574,23,HTTP Request,200,OK,Thread Group 1-2,text,true,,149,10,10,23,1,0,0
1473017120589,44,HTTP Request,200,OK,Thread Group 1-3,text,true,,151,10,10,44,1,0,0
1473017120585,56,HTTP Request,200,OK,Thread Group 1-7,text,true,,149,10,10,56,1,0,0
1473017120589,59,HTTP Request,200,OK,Thread Group 1-6,text,true,,149,10,10,59,1,0,0
1473017120589,59,HTTP Request,200,OK,Thread Group 1-1,text,true,,149,10,10,59,1,0,0
1473017120585,63,HTTP Request,200,OK,Thread Group 1-5,text,true,,150,10,10,63,1,0,0
1473017120585,63,HTTP Request,200,OK,Thread Group 1-10,text,true,,149,10,10,63,1,0,0
1473017120577,71,HTTP Request,200,OK,Thread Group 1-4,text,true,,149,10,10,71,1,0,0
1473017120590,58,HTTP Request,200,OK,Thread Group 1-9,text,true,,151,10,10,58,1,0,0
1473017120585,63,HTTP Request,200,OK,Thread Group 1-8,text,true,,149,10,10,63,1,0,0
1473017120598,50,HTTP Request,200,OK,Thread Group 1-2,text,true,,149,10,10,50,1,0,0
1473017120633,25,HTTP Request,200,OK,Thread Group 1-3,text,true,,149,10,10,25,1,0,0
1473017120642,26,HTTP Request,200,OK,Thread Group 1-7,text,true,,151,10,10,26,1,0,0
1473017120648,28,HTTP Request,200,OK,Thread Group 1-1,text,true,,149,10,10,28,1,0,0
1473017120648,46,HTTP Request,200,OK,Thread Group 1-8,text,true,,149,10,10,46,1,0,0
1473017120648,47,HTTP Request,200,OK,Thread Group 1-9,text,true,,150,10,10,47,1,0,0
1473017120648,47,HTTP Request,200,OK,Thread Group 1-5,text,true,,149,10,10,47,1,0,0
1473017120648,47,HTTP Request,200,OK,Thread Group 1-6,text,true,,149,10,10,47,1,0,0
1473017120648,47,HTTP Request,200,OK,Thread Group 1-10,text,true,,149,10,10,47,1,0,0
1473017120648,47,HTTP Request,200,OK,Thread Group 1-4,text,true,,149,10,10,47,1,0,0
1473017120668,28,HTTP Request,200,OK,Thread Group 1-7,text,true,,149,10,10,28,1,0,0
1473017120649,47,HTTP Request,200,OK,Thread Group 1-2,text,true,,149,10,10,47,1,0,0
1473017120658,38,HTTP Request,200,OK,Thread Group 1-3,text,true,,150,10,10,38,1,0,0
1473017120676,25,HTTP Request,200,OK,Thread Group 1-1,text,true,,151,10,10,25,1,0,0
1473017120695,22,HTTP Request,200,OK,Thread Group 1-8,text,true,,149,10,10,22,1,0,0
1473017120697,40,HTTP Request,200,OK,Thread Group 1-3,text,true,,150,10,10,40,1,0,0
1473017120696,45,HTTP Request,200,OK,Thread Group 1-10,text,true,,149,10,10,45,1,0,0
1473017120696,46,HTTP Request,200,OK,Thread Group 1-7,text,true,,150,10,10,46,1,0,0
1473017120696,46,HTTP Request,200,OK,Thread Group 1-9,text,true,,149,10,10,46,1,0,0
1473017120702,43,HTTP Request,200,OK,Thread Group 1-1,text,true,,149,10,10,43,1,0,0
1473017120717,30,HTTP Request,200,OK,Thread Group 1-8,text,true,,149,10,10,30,1,0,0
1473017120696,52,HTTP Request,200,OK,Thread Group 1-6,text,true,,151,10,10,52,1,0,0
1473017120696,55,HTTP Request,200,OK,Thread Group 1-4,text,true,,150,10,10,55,1,0,0
1473017120696,57,HTTP Request,200,OK,Thread Group 1-2,text,true,,149,10,10,57,1,0,0
1473017120696,60,HTTP Request,200,OK,Thread Group 1-5,text,true,,151,10,10,60,1,0,0
1473017120737,27,HTTP Request,200,OK,Thread Group 1-3,text,true,,149,10,10,27,1,0,0
1473017120742,24,HTTP Request,200,OK,Thread Group 1-7,text,true,,149,10,10,24,1,0,0
1473017120741,30,HTTP Request,200,OK,Thread Group 1-10,text,true,,149,10,10,30,1,0,0
1473017120746,26,HTTP Request,200,OK,Thread Group 1-1,text,true,,150,10,10,26,1,0,0
1473017120748,31,HTTP Request,200,OK,Thread Group 1-6,text,true,,149,10,10,31,1,0,0
1473017120748,31,HTTP Request,200,OK,Thread Group 1-8,text,true,,150,10,10,31,1,0,0
1473017120742,37,HTTP Request,200,OK,Thread Group 1-9,text,true,,149,10,10,37,1,0,0
1473017120753,26,HTTP Request,200,OK,Thread Group 1-2,text,true,,149,10,10,26,1,0,0
1473017120756,25,HTTP Request,200,OK,Thread Group 1-5,text,true,,149,10,10,25,1,0,0
1473017120764,23,HTTP Request,200,OK,Thread Group 1-3,text,true,,150,10,10,23,1,0,0
1473017120752,35,HTTP Request,200,OK,Thread Group 1-4,text,true,,149,10,10,35,1,0,0
1473017120779,25,HTTP Request,200,OK,Thread Group 1-8,text,true,,149,10,10,25,1,0,0
1473017120779,29,HTTP Request,200,OK,Thread Group 1-6,text,true,,150,10,10,29,1,0,0
1473017120779,31,HTTP Request,200,OK,Thread Group 1-9,text,true,,149,10,10,31,1,0,0
1473017120772,40,HTTP Request,200,OK,Thread Group 1-1,text,true,,150,10,10,40,1,0,0
1473017120779,34,HTTP Request,200,OK,Thread Group 1-2,text,true,,149,10,10,34,1,0,0
1473017120772,43,HTTP Request,200,OK,Thread Group 1-10,text,true,,149,10,10,43,1,0,0
1473017120787,33,HTTP Request,200,OK,Thread Group 1-4,text,true,,149,10,10,33,1,0,0
1473017120766,54,HTTP Request,200,OK,Thread Group 1-7,text,true,,150,10,10,54,1,0,0
1473017120781,39,HTTP Request,200,OK,Thread Group 1-5,text,true,,149,10,10,39,1,0,0
1473017120787,33,HTTP Request,200,OK,Thread Group 1-3,text,true,,149,10,10,33,1,0,0
1473017120804,24,HTTP Request,200,OK,Thread Group 1-8,text,true,,151,10,10,24,1,0,0
1473017120808,24,HTTP Request,200,OK,Thread Group 1-6,text,true,,149,10,10,24,1,0,0
1473017120810,22,HTTP Request,200,OK,Thread Group 1-9,text,true,,150,10,10,22,1,0,0
1473017120812,23,HTTP Request,200,OK,Thread Group 1-1,text,true,,149,10,10,23,1,0,0
1473017120814,28,HTTP Request,200,OK,Thread Group 1-2,text,true,,150,10,10,28,1,0,0
1473017120821,24,HTTP Request,200,OK,Thread Group 1-7,text,true,,149,10,10,24,1,0,0
1473017120821,25,HTTP Request,200,OK,Thread Group 1-5,text,true,,149,10,10,25,1,0,0
1473017120816,32,HTTP Request,200,OK,Thread Group 1-10,text,true,,149,10,10,32,1,0,0
1473017120821,28,HTTP Request,200,OK,Thread Group 1-4,text,true,,150,10,10,28,1,0,0
1473017120833,25,HTTP Request,200,OK,Thread Group 1-9,text,true,,149,10,10,25,1,0,0
1473017120832,26,HTTP Request,200,OK,Thread Group 1-6,text,true,,149,10,10,26,1,0,0
1473017120821,37,HTTP Request,200,OK,Thread Group 1-3,text,true,,151,10,10,37,1,0,0
1473017120835,24,HTTP Request,200,OK,Thread Group 1-1,text,true,,149,10,10,24,1,0,0
1473017120828,33,HTTP Request,200,OK,Thread Group 1-8,text,true,,151,10,10,33,1,0,0
1473017120842,24,HTTP Request,200,OK,Thread Group 1-2,text,true,,149,10,10,24,1,0,0
1473017120845,28,HTTP Request,200,OK,Thread Group 1-7,text,true,,149,10,10,28,1,0,0
1473017120847,34,HTTP Request,200,OK,Thread Group 1-5,text,true,,150,10,10,34,1,0,0
1473017120849,42,HTTP Request,200,OK,Thread Group 1-4,text,true,,149,10,10,42,1,0,0
1473017120849,42,HTTP Request,200,OK,Thread Group 1-10,text,true,,149,10,10,42,1,0,0
1473017120858,33,HTTP Request,200,OK,Thread Group 1-6,text,true,,149,10,10,33,1,0,0
1473017120859,37,HTTP Request,200,OK,Thread Group 1-1,text,true,,149,10,10,36,1,0,0
1473017120861,35,HTTP Request,200,OK,Thread Group 1-8,text,true,,149,10,10,35,1,0,0
1473017120873,26,HTTP Request,200,OK,Thread Group 1-7,text,true,,149,10,10,26,1,0,0
1473017120858,42,HTTP Request,200,OK,Thread Group 1-9,text,true,,149,10,10,42,1,0,0
1473017120866,35,HTTP Request,200,OK,Thread Group 1-2,text,true,,149,10,10,35,1,0,0
1473017120858,57,HTTP Request,200,OK,Thread Group 1-3,text,true,,149,10,10,57,1,0,0
1473017120891,24,HTTP Request,200,OK,Thread Group 1-10,text,true,,149,10,10,24,1,0,0
1473017120891,24,HTTP Request,200,OK,Thread Group 1-4,text,true,,149,10,10,24,1,0,0
1473017120882,33,HTTP Request,200,OK,Thread Group 1-5,text,true,,149,10,10,33,1,0,0
1473017120891,27,HTTP Request,200,OK,Thread Group 1-6,text,true,,149,10,10,27,1,0,0
1473017120896,24,HTTP Request,200,OK,Thread Group 1-8,text,true,,149,10,10,24,1,0,0
1473017120896,29,HTTP Request,200,OK,Thread Group 1-1,text,true,,149,10,10,29,1,0,0
1473017120899,26,HTTP Request,200,OK,Thread Group 1-7,text,true,,149,10,10,26,1,0,0
1473017120901,25,HTTP Request,200,OK,Thread Group 1-2,text,true,,149,10,10,25,1,0,0
1473017120901,25,HTTP Request,200,OK,Thread Group 1-9,text,true,,151,10,10,25,1,0,0
1473017120915,25,HTTP Request,200,OK,Thread Group 1-3,text,true,,151,10,10,25,1,0,0
1473017120915,25,HTTP Request,200,OK,Thread Group 1-5,text,true,,149,10,10,25,1,0,0
1473017120915,25,HTTP Request,200,OK,Thread Group 1-10,text,true,,149,10,10,25,1,0,0
1473017120915,31,HTTP Request,200,OK,Thread Group 1-4,text,true,,149,10,10,31,1,0,0
1473017120920,28,HTTP Request,200,OK,Thread Group 1-8,text,true,,149,10,10,28,1,0,0
1473017120925,23,HTTP Request,200,OK,Thread Group 1-1,text,true,,150,10,10,23,1,0,0
1473017120925,28,HTTP Request,200,OK,Thread Group 1-7,text,true,,149,10,10,28,1,0,0
1473017120918,35,HTTP Request,200,OK,Thread Group 1-6,text,true,,150,10,10,35,1,0,0
1473017120926,28,HTTP Request,200,OK,Thread Group 1-2,text,true,,150,10,10,28,1,0,0
1473017120926,31,HTTP Request,200,OK,Thread Group 1-9,text,true,,149,10,10,31,1,0,0
1473017120940,23,HTTP Request,200,OK,Thread Group 1-3,text,true,,149,10,10,23,1,0,0
1473017120940,26,HTTP Request,200,OK,Thread Group 1-5,text,true,,149,10,10,26,1,0,0
1473017120940,29,HTTP Request,200,OK,Thread Group 1-10,text,true,,149,10,10,29,1,0,0
1473017120946,29,HTTP Request,200,OK,Thread Group 1-4,text,true,,149,10,10,29,1,0,0
1473017120948,28,HTTP Request,200,OK,Thread Group 1-8,text,true,,149,10,10,28,1,0,0
1473017120953,30,HTTP Request,200,OK,Thread Group 1-6,text,true,,149,10,10,30,1,0,0
1473017120948,35,HTTP Request,200,OK,Thread Group 1-1,text,true,,149,10,10,35,1,0,0
1473017120964,29,HTTP Request,200,OK,Thread Group 1-3,text,true,,150,10,10,29,1,0,0
1473017120953,40,HTTP Request,200,OK,Thread Group 1-7,text,true,,149,10,10,40,1,0,0
1473017120954,39,HTTP Request,200,OK,Thread Group 1-2,text,true,,149,10,10,39,1,0,0
1473017120966,27,HTTP Request,200,OK,Thread Group 1-5,text,true,,151,10,10,27,1,0,0
1473017120957,36,HTTP Request,200,OK,Thread Group 1-9,text,true,,149,10,10,36,1,0,0
1473017120969,29,HTTP Request,200,OK,Thread Group 1-10,text,true,,150,10,10,29,1,0,0
1473017120976,23,HTTP Request,200,OK,Thread Group 1-8,text,true,,151,10,10,23,1,0,0
1473017120976,24,HTTP Request,200,OK,Thread Group 1-4,text,true,,149,10,10,24,1,0,0
1473017120983,24,HTTP Request,200,OK,Thread Group 1-6,text,true,,150,10,10,24,1,0,0
1473017120983,25,HTTP Request,200,OK,Thread Group 1-1,text,true,,149,10,10,25,1,0,0
1473017120993,26,HTTP Request,200,OK,Thread Group 1-2,text,true,,151,10,10,26,1,0,0
1473017120993,33,HTTP Request,200,OK,Thread Group 1-7,text,true,,149,10,10,33,1,0,0
1473017120999,30,HTTP Request,200,OK,Thread Group 1-8,text,true,,149,10,10,30,1,0,0
1473017121008,25,HTTP Request,200,OK,Thread Group 1-1,text,true,,149,10,10,25,1,0,0
1473017121000,33,HTTP Request,200,OK,Thread Group 1-4,text,true,,150,10,10,33,1,0,0
1473017120993,40,HTTP Request,200,OK,Thread Group 1-5,text,true,,149,10,10,40,1,0,0
1473017120998,37,HTTP Request,200,OK,Thread Group 1-10,text,true,,149,10,10,37,1,0,0
1473017120993,43,HTTP Request,200,OK,Thread Group 1-3,text,true,,149,10,10,43,1,0,0
1473017120993,46,HTTP Request,200,OK,Thread Group 1-9,text,true,,149,10,10,46,1,0,0
1473017121007,32,HTTP Request,200,OK,Thread Group 1-6,text,true,,149,10,10,32,1,0,0
1473017121019,23,HTTP Request,200,OK,Thread Group 1-2,text,true,,149,10,10,23,1,0,0
1473017121026,22,HTTP Request,200,OK,Thread Group 1-7,text,true,,149,10,10,22,1,0,0
1473017121034,23,HTTP Request,200,OK,Thread Group 1-5,text,true,,149,10,10,23,1,0,0
1473017121030,30,HTTP Request,200,OK,Thread Group 1-8,text,true,,151,10,10,30,1,0,0
1473017121034,27,HTTP Request,200,OK,Thread Group 1-4,text,true,,150,10,10,27,1,0,0
1473017121035,28,HTTP Request,200,OK,Thread Group 1-10,text,true,,150,10,10,28,1,0,0
1473017121034,31,HTTP Request,200,OK,Thread Group 1-1,text,true,,151,10,10,31,1,0,0
1473017121040,28,HTTP Request,200,OK,Thread Group 1-9,text,true,,149,10,10,28,1,0,0
1473017121036,34,HTTP Request,200,OK,Thread Group 1-3,text,true,,149,10,10,34,1,0,0
1473017121040,30,HTTP Request,200,OK,Thread Group 1-6,text,true,,151,10,10,30,1,0,0
1473017121042,30,HTTP Request,200,OK,Thread Group 1-2,text,true,,149,10,10,30,1,0,0
1473017121048,30,HTTP Request,200,OK,Thread Group 1-7,text,true,,149,10,10,30,1,0,0
1473017121058,21,HTTP Request,200,OK,Thread Group 1-5,text,true,,151,10,10,21,1,0,0
1473017121061,25,HTTP Request,200,OK,Thread Group 1-4,text,true,,151,10,10,25,1,0,0
1473017121063,33,HTTP Request,200,OK,Thread Group 1-10,text,true,,149,10,10,33,1,0,0
1473017121065,31,HTTP Request,200,OK,Thread Group 1-1,text,true,,149,10,10,31,1,0,0
1473017121068,29,HTTP Request,200,OK,Thread Group 1-9,text,true,,149,10,10,29,1,0,0
1473017121070,30,HTTP Request,200,OK,Thread Group 1-3,text,true,,149,10,10,30,1,0,0
1473017121060,41,HTTP Request,200,OK,Thread Group 1-8,text,true,,149,10,10,41,1,0,0
1473017121073,28,HTTP Request,200,OK,Thread Group 1-2,text,true,,149,10,10,28,1,0,0
1473017121071,31,HTTP Request,200,OK,Thread Group 1-6,text,true,,149,10,10,31,1,0,0
1473017121079,23,HTTP Request,200,OK,Thread Group 1-5,text,true,,149,10,10,23,1,0,0
1473017121078,27,HTTP Request,200,OK,Thread Group 1-7,text,true,,149,10,10,27,1,0,0
1473017121087,23,HTTP Request,200,OK,Thread Group 1-4,text,true,,149,10,10,23,1,0,0
1473017121096,23,HTTP Request,200,OK,Thread Group 1-10,text,true,,149,10,10,23,1,0,0
1473017121096,23,HTTP Request,200,OK,Thread Group 1-1,text,true,,149,10,10,23,1,0,0
1473017121097,32,HTTP Request,200,OK,Thread Group 1-9,text,true,,149,10,10,32,1,0,0
1473017121103,30,HTTP Request,200,OK,Thread Group 1-5,text,true,,149,10,10,30,1,0,0
1473017121101,32,HTTP Request,200,OK,Thread Group 1-3,text,true,,149,10,10,32,1,0,0
1473017121102,32,HTTP Request,200,OK,Thread Group 1-6,text,true,,151,10,10,32,1,0,0
1473017121101,39,HTTP Request,200,OK,Thread Group 1-2,text,true,,149,10,10,39,1,0,0
1473017121101,40,HTTP Request,200,OK,Thread Group 1-8,text,true,,149,10,10,40,1,0,0
1473017121106,42,HTTP Request,200,OK,Thread Group 1-7,text,true,,149,10,10,42,1,0,0
1473017121119,30,HTTP Request,200,OK,Thread Group 1-1,text,true,,149,10,10,30,1,0,0
1473017121110,43,HTTP Request,200,OK,Thread Group 1-4,text,true,,149,10,10,43,1,0,0
1473017121119,35,HTTP Request,200,OK,Thread Group 1-10,text,true,,149,10,10,35,1,0,0
1473017121129,28,HTTP Request,200,OK,Thread Group 1-9,text,true,,151,10,10,28,1,0,0
1473017121133,30,HTTP Request,200,OK,Thread Group 1-5,text,true,,149,10,10,30,1,0,0
1473017121134,34,HTTP Request,200,OK,Thread Group 1-6,text,true,,149,10,10,34,1,0,0
1473017121141,27,HTTP Request,200,OK,Thread Group 1-2,text,true,,151,10,10,27,1,0,0
1473017121141,29,HTTP Request,200,OK,Thread Group 1-8,text,true,,150,10,10,29,1,0,0
1473017121133,37,HTTP Request,200,OK,Thread Group 1-3,text,true,,151,10,10,37,1,0,0
1473017121149,23,HTTP Request,200,OK,Thread Group 1-1,text,true,,149,10,10,23,1,0,0
1473017121154,26,HTTP Request,200,OK,Thread Group 1-10,text,true,,149,10,10,26,1,0,0
1473017121153,27,HTTP Request,200,OK,Thread Group 1-4,text,true,,149,10,10,27,1,0,0
1473017121148,32,HTTP Request,200,OK,Thread Group 1-7,text,true,,149,10,10,32,1,0,0
1473017121158,24,HTTP Request,200,OK,Thread Group 1-9,text,true,,151,10,10,24,1,0,0
1473017121163,25,HTTP Request,200,OK,Thread Group 1-5,text,true,,149,10,10,25,1,0,0
1473017121168,27,HTTP Request,200,OK,Thread Group 1-6,text,true,,151,10,10,27,1,0,0
1473017121168,30,HTTP Request,200,OK,Thread Group 1-2,text,true,,149,10,10,30,1,0,0
1473017121172,31,HTTP Request,200,OK,Thread Group 1-1,text,true,,149,10,10,31,1,0,0
1473017121170,36,HTTP Request,200,OK,Thread Group 1-3,text,true,,149,10,10,36,1,0,0
1473017121180,26,HTTP Request,200,OK,Thread Group 1-7,text,true,,149,10,10,26,1,0,0
1473017121180,32,HTTP Request,200,OK,Thread Group 1-10,text,true,,151,10,10,32,1,0,0
1473017121180,32,HTTP Request,200,OK,Thread Group 1-4,text,true,,149,10,10,32,1,0,0
1473017121170,42,HTTP Request,200,OK,Thread Group 1-8,text,true,,149,10,10,42,1,0,0
1473017121182,30,HTTP Request,200,OK,Thread Group 1-9,text,true,,150,10,10,30,1,0,0
1473017121188,25,HTTP Request,200,OK,Thread Group 1-5,text,true,,149,10,10,25,1,0,0
1473017121198,23,HTTP Request,200,OK,Thread Group 1-2,text,true,,149,10,10,23,1,0,0
1473017121195,26,HTTP Request,200,OK,Thread Group 1-6,text,true,,150,10,10,26,1,0,0
1473017121203,21,HTTP Request,200,OK,Thread Group 1-1,text,true,,151,10,10,21,1,0,0
1473017121212,26,HTTP Request,200,OK,Thread Group 1-4,text,true,,149,10,10,26,1,0,0
1473017121213,27,HTTP Request,200,OK,Thread Group 1-5,text,true,,149,10,10,26,1,0,0
1473017121206,37,HTTP Request,200,OK,Thread Group 1-7,text,true,,150,10,10,37,1,0,0
1473017121222,27,HTTP Request,200,OK,Thread Group 1-2,text,true,,151,10,10,27,1,0,0
1473017121213,39,HTTP Request,200,OK,Thread Group 1-9,text,true,,149,10,10,39,1,0,0
1473017121206,46,HTTP Request,200,OK,Thread Group 1-3,text,true,,150,10,10,46,1,0,0
1473017121212,40,HTTP Request,200,OK,Thread Group 1-8,text,true,,149,10,10,40,1,0,0
1473017121222,30,HTTP Request,200,OK,Thread Group 1-6,text,true,,151,10,10,30,1,0,0
1473017121224,28,HTTP Request,200,OK,Thread Group 1-1,text,true,,149,10,10,28,1,0,0
1473017121212,41,HTTP Request,200,OK,Thread Group 1-10,text,true,,149,10,10,40,1,0,0
1473017121238,22,HTTP Request,200,OK,Thread Group 1-4,text,true,,149,10,10,22,1,0,0
1473017121240,26,HTTP Request,200,OK,Thread Group 1-5,text,true,,149,10,10,26,1,0,0
1473017121243,30,HTTP Request,200,OK,Thread Group 1-7,text,true,,151,10,10,30,1,0,0
1473017121249,25,HTTP Request,200,OK,Thread Group 1-2,text,true,,149,10,10,25,1,0,0
1473017121252,43,HTTP Request,200,OK,Thread Group 1-9,text,true,,150,10,10,43,1,0,0
1473017121252,47,HTTP Request,200,OK,Thread Group 1-3,text,true,,150,10,10,47,1,0,0
1473017121252,49,HTTP Request,200,OK,Thread Group 1-6,text,true,,149,10,10,49,1,0,0
1473017121253,48,HTTP Request,200,OK,Thread Group 1-10,text,true,,149,10,10,48,1,0,0
1473017121267,34,HTTP Request,200,OK,Thread Group 1-5,text,true,,149,10,10,34,1,0,0
1473017121273,34,HTTP Request,200,OK,Thread Group 1-7,text,true,,149,10,10,34,1,0,0
1473017121274,33,HTTP Request,200,OK,Thread Group 1-2,text,true,,149,10,10,33,1,0,0
1473017121252,55,HTTP Request,200,OK,Thread Group 1-1,text,true,,150,10,10,55,1,0,0
1473017121260,47,HTTP Request,200,OK,Thread Group 1-4,text,true,,149,10,10,47,1,0,0
1473017121252,55,HTTP Request,200,OK,Thread Group 1-8,text,true,,149,10,10,55,1,0,0
1473017121296,24,HTTP Request,200,OK,Thread Group 1-9,text,true,,149,10,10,24,1,0,0
1473017121299,21,HTTP Request,200,OK,Thread Group 1-3,text,true,,149,10,10,21,1,0,0
1473017121301,27,HTTP Request,200,OK,Thread Group 1-5,text,true,,149,10,10,27,1,0,0
1473017121301,27,HTTP Request,200,OK,Thread Group 1-6,text,true,,151,10,10,27,1,0,0
1473017121301,28,HTTP Request,200,OK,Thread Group 1-10,text,true,,149,10,10,28,1,0,0
1473017121307,37,HTTP Request,200,OK,Thread Group 1-1,text,true,,149,10,10,37,1,0,0
1473017121307,38,HTTP Request,200,OK,Thread Group 1-8,text,true,,150,10,10,38,1,0,0
1473017121307,44,HTTP Request,200,OK,Thread Group 1-7,text,true,,151,10,10,44,1,0,0
1473017121328,24,HTTP Request,200,OK,Thread Group 1-5,text,true,,149,10,10,24,1,0,0
1473017121307,48,HTTP Request,200,OK,Thread Group 1-4,text,true,,151,10,10,48,1,0,0
1473017121321,36,HTTP Request,200,OK,Thread Group 1-3,text,true,,149,10,10,36,1,0,0
1473017121321,36,HTTP Request,200,OK,Thread Group 1-9,text,true,,151,10,10,36,1,0,0
1473017121307,55,HTTP Request,200,OK,Thread Group 1-2,text,true,,149,10,10,55,1,0,0
1473017121328,35,HTTP Request,200,OK,Thread Group 1-6,text,true,,150,10,10,35,1,0,0
1473017121344,26,HTTP Request,200,OK,Thread Group 1-1,text,true,,151,10,10,26,1,0,0
1473017121329,41,HTTP Request,200,OK,Thread Group 1-10,text,true,,149,10,10,41,1,0,0
1473017121346,26,HTTP Request,200,OK,Thread Group 1-8,text,true,,149,10,10,26,1,0,0
1473017121352,24,HTTP Request,200,OK,Thread Group 1-5,text,true,,149,10,10,24,1,0,0
1473017121355,27,HTTP Request,200,OK,Thread Group 1-4,text,true,,151,10,10,27,1,0,0
1473017121352,30,HTTP Request,200,OK,Thread Group 1-7,text,true,,150,10,10,30,1,0,0
1473017121357,25,HTTP Request,200,OK,Thread Group 1-3,text,true,,149,10,10,25,1,0,0
1473017121357,29,HTTP Request,200,OK,Thread Group 1-9,text,true,,149,10,10,29,1,0,0
1473017121363,23,HTTP Request,200,OK,Thread Group 1-2,text,true,,149,10,10,23,1,0,0
1473017121363,31,HTTP Request,200,OK,Thread Group 1-6,text,true,,149,10,10,30,1,0,0
1473017121372,23,HTTP Request,200,OK,Thread Group 1-8,text,true,,149,10,10,23,1,0,0
1473017121370,25,HTTP Request,200,OK,Thread Group 1-10,text,true,,150,10,10,25,1,0,0
1473017121370,26,HTTP Request,200,OK,Thread Group 1-1,text,true,,149,10,10,25,1,0,0
1473017121376,25,HTTP Request,200,OK,Thread Group 1-5,text,true,,150,10,10,25,1,0,0
1473017121382,25,HTTP Request,200,OK,Thread Group 1-7,text,true,,149,10,10,25,1,0,0
1473017121387,25,HTTP Request,200,OK,Thread Group 1-2,text,true,,149,10,10,25,1,0,0
1473017121382,33,HTTP Request,200,OK,Thread Group 1-4,text,true,,151,10,10,33,1,0,0
1473017121382,33,HTTP Request,200,OK,Thread Group 1-3,text,true,,149,10,10,33,1,0,0
1473017121387,31,HTTP Request,200,OK,Thread Group 1-9,text,true,,149,10,10,31,1,0,0
1473017121396,26,HTTP Request,200,OK,Thread Group 1-10,text,true,,149,10,10,26,1,0,0
1473017121395,27,HTTP Request,200,OK,Thread Group 1-8,text,true,,149,10,10,27,1,0,0
1473017121396,29,HTTP Request,200,OK,Thread Group 1-1,text,true,,149,10,10,29,1,0,0
1473017121394,32,HTTP Request,200,OK,Thread Group 1-6,text,true,,149,10,10,32,1,0,0
1473017121408,22,HTTP Request,200,OK,Thread Group 1-7,text,true,,149,10,10,22,1,0,0
1473017121401,30,HTTP Request,200,OK,Thread Group 1-5,text,true,,149,10,10,30,1,0,0
1473017121412,23,HTTP Request,200,OK,Thread Group 1-2,text,true,,149,10,10,23,1,0,0
1473017121415,28,HTTP Request,200,OK,Thread Group 1-4,text,true,,149,10,10,28,1,0,0
1473017121422,27,HTTP Request,200,OK,Thread Group 1-10,text,true,,150,10,10,27,1,0,0
1473017121415,35,HTTP Request,200,OK,Thread Group 1-3,text,true,,149,10,10,35,1,0,0
1473017121430,22,HTTP Request,200,OK,Thread Group 1-7,text,true,,149,10,10,22,1,0,0
1473017121418,34,HTTP Request,200,OK,Thread Group 1-9,text,true,,151,10,10,34,1,0,0
1473017121425,28,HTTP Request,200,OK,Thread Group 1-1,text,true,,149,10,10,28,1,0,0
1473017121426,30,HTTP Request,200,OK,Thread Group 1-6,text,true,,150,10,10,30,1,0,0
1473017121422,35,HTTP Request,200,OK,Thread Group 1-8,text,true,,149,10,10,35,1,0,0
1473017121431,30,HTTP Request,200,OK,Thread Group 1-5,text,true,,149,10,10,30,1,0,0
1473017121436,26,HTTP Request,200,OK,Thread Group 1-2,text,true,,150,10,10,26,1,0,0
1473017121444,23,HTTP Request,200,OK,Thread Group 1-4,text,true,,149,10,10,23,1,0,0
1473017121450,23,HTTP Request,200,OK,Thread Group 1-3,text,true,,149,10,10,23,1,0,0
1473017121452,26,HTTP Request,200,OK,Thread Group 1-7,text,true,,149,10,10,26,1,0,0
1473017121453,29,HTTP Request,200,OK,Thread Group 1-1,text,true,,149,10,10,29,1,0,0
1473017121449,34,HTTP Request,200,OK,Thread Group 1-10,text,true,,149,10,10,34,1,0,0
1473017121461,28,HTTP Request,200,OK,Thread Group 1-5,text,true,,149,10,10,28,1,0,0
1473017121462,28,HTTP Request,200,OK,Thread Group 1-2,text,true,,149,10,10,28,1,0,0
1473017121452,44,HTTP Request,200,OK,Thread Group 1-9,text,true,,149,10,10,44,1,0,0
1473017121457,39,HTTP Request,200,OK,Thread Group 1-6,text,true,,149,10,10,39,1,0,0
1473017121457,39,HTTP Request,200,OK,Thread Group 1-8,text,true,,149,10,10,39,1,0,0
1473017121467,29,HTTP Request,200,OK,Thread Group 1-4,text,true,,151,10,10,29,1,0,0
1473017121473,23,HTTP Request,200,OK,Thread Group 1-3,text,true,,149,10,10,23,1,0,0
1473017121478,27,HTTP Request,200,OK,Thread Group 1-7,text,true,,151,10,10,27,1,0,0
1473017121483,26,HTTP Request,200,OK,Thread Group 1-10,text,true,,151,10,10,26,1,0,0
1473017121483,26,HTTP Request,200,OK,Thread Group 1-1,text,true,,149,10,10,26,1,0,0
1473017121496,24,HTTP Request,200,OK,Thread Group 1-6,text,true,,150,10,10,24,1,0,0
1473017121496,26,HTTP Request,200,OK,Thread Group 1-4,text,true,,149,10,10,26,1,0,0
1473017121489,36,HTTP Request,200,OK,Thread Group 1-5,text,true,,149,10,10,36,1,0,0
1473017121496,32,HTTP Request,200,OK,Thread Group 1-8,text,true,,149,10,10,32,1,0,0
1473017121490,39,HTTP Request,200,OK,Thread Group 1-2,text,true,,149,10,10,39,1,0,0
1473017121509,24,HTTP Request,200,OK,Thread Group 1-1,text,true,,149,10,10,24,1,0,0
1473017121496,37,HTTP Request,200,OK,Thread Group 1-9,text,true,,151,10,10,37,1,0,0
1473017121505,28,HTTP Request,200,OK,Thread Group 1-7,text,true,,149,10,10,28,1,0,0
1473017121496,40,HTTP Request,200,OK,Thread Group 1-3,text,true,,149,10,10,40,1,0,0
1473017121509,30,HTTP Request,200,OK,Thread Group 1-10,text,true,,149,10,10,30,1,0,0
1473017121520,22,HTTP Request,200,OK,Thread Group 1-6,text,true,,149,10,10,22,1,0,0
1473017121522,27,HTTP Request,200,OK,Thread Group 1-4,text,true,,150,10,10,27,1,0,0
1473017121525,24,HTTP Request,200,OK,Thread Group 1-5,text,true,,149,10,10,24,1,0,0
1473017121529,27,HTTP Request,200,OK,Thread Group 1-8,text,true,,151,10,10,27,1,0,0
1473017121529,28,HTTP Request,200,OK,Thread Group 1-2,text,true,,149,10,10,28,1,0,0
1473017121533,24,HTTP Request,200,OK,Thread Group 1-1,text,true,,149,10,10,24,1,0,0
1473017121533,28,HTTP Request,200,OK,Thread Group 1-9,text,true,,149,10,10,28,1,0,0
1473017121533,32,HTTP Request,200,OK,Thread Group 1-7,text,true,,149,10,10,32,1,0,0
1473017121539,26,HTTP Request,200,OK,Thread Group 1-10,text,true,,149,10,10,26,1,0,0
1473017121536,30,HTTP Request,200,OK,Thread Group 1-3,text,true,,150,10,10,30,1,0,0
1473017121542,31,HTTP Request,200,OK,Thread Group 1-6,text,true,,151,10,10,31,1,0,0
1473017121549,25,HTTP Request,200,OK,Thread Group 1-5,text,true,,149,10,10,24,1,0,0
1473017121549,29,HTTP Request,200,OK,Thread Group 1-4,text,true,,149,10,10,29,1,0,0
1473017121557,23,HTTP Request,200,OK,Thread Group 1-2,text,true,,149,10,10,23,1,0,0
1473017121557,26,HTTP Request,200,OK,Thread Group 1-1,text,true,,149,10,10,26,1,0,0
1473017121557,28,HTTP Request,200,OK,Thread Group 1-8,text,true,,149,10,10,28,1,0,0
1473017121566,24,HTTP Request,200,OK,Thread Group 1-3,text,true,,149,10,10,24,1,0,0
1473017121562,28,HTTP Request,200,OK,Thread Group 1-9,text,true,,149,10,10,28,1,0,0
1473017121565,33,HTTP Request,200,OK,Thread Group 1-7,text,true,,151,10,10,33,1,0,0
1473017121565,33,HTTP Request,200,OK,Thread Group 1-10,text,true,,149,10,10,33,1,0,0
1473017121574,24,HTTP Request,200,OK,Thread Group 1-5,text,true,,149,10,10,24,1,0,0
1473017121573,31,HTTP Request,200,OK,Thread Group 1-6,text,true,,151,10,10,31,1,0,0
1473017121578,31,HTTP Request,200,OK,Thread Group 1-4,text,true,,149,10,10,31,1,0,0
1473017121580,29,HTTP Request,200,OK,Thread Group 1-2,text,true,,149,10,10,29,1,0,0
1473017121584,25,HTTP Request,200,OK,Thread Group 1-1,text,true,,149,10,10,25,1,0,0
1473017121590,25,HTTP Request,200,OK,Thread Group 1-9,text,true,,149,10,10,25,1,0,0
1473017121585,31,HTTP Request,200,OK,Thread Group 1-8,text,true,,149,10,10,31,1,0,0
1473017121590,26,HTTP Request,200,OK,Thread Group 1-3,text,true,,149,10,10,26,1,0,0
1473017121598,24,HTTP Request,200,OK,Thread Group 1-5,text,true,,150,10,10,24,1,0,0
1473017121598,24,HTTP Request,200,OK,Thread Group 1-10,text,true,,149,10,10,24,1,0,0
1473017121598,27,HTTP Request,200,OK,Thread Group 1-7,text,true,,149,10,10,27,1,0,0
1473017121615,24,HTTP Request,200,OK,Thread Group 1-9,text,true,,149,10,10,24,1,0,0
1473017121604,37,HTTP Request,200,OK,Thread Group 1-6,text,true,,150,10,10,37,1,0,0
1473017121609,33,HTTP Request,200,OK,Thread Group 1-1,text,true,,149,10,10,33,1,0,0
1473017121609,35,HTTP Request,200,OK,Thread Group 1-4,text,true,,149,10,10,35,1,0,0
1473017121616,28,HTTP Request,200,OK,Thread Group 1-3,text,true,,149,10,10,28,1,0,0
1473017121609,38,HTTP Request,200,OK,Thread Group 1-2,text,true,,149,10,10,38,1,0,0
1473017121616,31,HTTP Request,200,OK,Thread Group 1-8,text,true,,149,10,10,31,1,0,0
1473017121623,34,HTTP Request,200,OK,Thread Group 1-5,text,true,,151,10,10,34,1,0,0
1473017121623,34,HTTP Request,200,OK,Thread Group 1-10,text,true,,149,10,10,34,1,0,0
1473017121625,36,HTTP Request,200,OK,Thread Group 1-7,text,true,,149,10,10,36,1,0,0
1473017121642,22,HTTP Request,200,OK,Thread Group 1-1,text,true,,149,10,10,22,1,0,0
1473017121644,28,HTTP Request,200,OK,Thread Group 1-3,text,true,,149,10,10,28,1,0,0
1473017121639,35,HTTP Request,200,OK,Thread Group 1-9,text,true,,149,10,10,35,1,0,0
1473017121647,27,HTTP Request,200,OK,Thread Group 1-2,text,true,,149,10,10,27,1,0,0
1473017121642,33,HTTP Request,200,OK,Thread Group 1-6,text,true,,149,10,10,33,1,0,0
1473017121647,28,HTTP Request,200,OK,Thread Group 1-8,text,true,,149,10,10,28,1,0,0
1473017121644,34,HTTP Request,200,OK,Thread Group 1-4,text,true,,149,10,10,34,1,0,0
1473017121661,31,HTTP Request,200,OK,Thread Group 1-7,text,true,,149,10,10,31,1,0,0
1473017121664,30,HTTP Request,200,OK,Thread Group 1-1,text,true,,149,10,10,30,1,0,0
1473017121672,28,HTTP Request,200,OK,Thread Group 1-3,text,true,,149,10,10,28,1,0,0
1473017121658,42,HTTP Request,200,OK,Thread Group 1-10,text,true,,149,10,10,42,1,0,0
1473017121674,36,HTTP Request,200,OK,Thread Group 1-9,text,true,,150,10,10,36,1,0,0
1473017121674,36,HTTP Request,200,OK,Thread Group 1-2,text,true,,149,10,10,36,1,0,0
1473017121658,52,HTTP Request,200,OK,Thread Group 1-5,text,true,,149,10,10,52,1,0,0
1473017121675,35,HTTP Request,200,OK,Thread Group 1-8,text,true,,149,10,10,35,1,0,0
1473017121678,33,HTTP Request,200,OK,Thread Group 1-4,text,true,,149,10,10,33,1,0,0
1473017121675,40,HTTP Request,200,OK,Thread Group 1-6,text,true,,149,10,10,40,1,0,0
1473017121694,22,HTTP Request,200,OK,Thread Group 1-1,text,true,,149,10,10,22,1,0,0
1473017121692,24,HTTP Request,200,OK,Thread Group 1-7,text,true,,149,10,10,24,1,0,0
1473017121700,24,HTTP Request,200,OK,Thread Group 1-3,text,true,,150,10,10,24,1,0,0
1473017121700,24,HTTP Request,200,OK,Thread Group 1-10,text,true,,149,10,10,24,1,0,0
1473017121711,26,HTTP Request,200,OK,Thread Group 1-4,text,true,,149,10,10,26,1,0,0
1473017121710,27,HTTP Request,200,OK,Thread Group 1-9,text,true,,149,10,10,27,1,0,0
1473017121715,29,HTTP Request,200,OK,Thread Group 1-6,text,true,,149,10,10,29,1,0,0
1473017121710,34,HTTP Request,200,OK,Thread Group 1-5,text,true,,149,10,10,34,1,0,0
1473017121710,36,HTTP Request,200,OK,Thread Group 1-8,text,true,,149,10,10,36,1,0,0
1473017121710,36,HTTP Request,200,OK,Thread Group 1-2,text,true,,149,10,10,36,1,0,0
1473017121717,33,HTTP Request,200,OK,Thread Group 1-1,text,true,,149,10,10,33,1,0,0
1473017121717,33,HTTP Request,200,OK,Thread Group 1-7,text,true,,149,10,10,33,1,0,0
1473017121724,26,HTTP Request,200,OK,Thread Group 1-3,text,true,,149,10,10,26,1,0,0
1473017121724,30,HTTP Request,200,OK,Thread Group 1-10,text,true,,150,10,10,30,1,0,0
1473017121737,24,HTTP Request,200,OK,Thread Group 1-4,text,true,,151,10,10,24,1,0,0
1473017121737,24,HTTP Request,200,OK,Thread Group 1-9,text,true,,151,10,10,24,1,0,0
1473017121744,22,HTTP Request,200,OK,Thread Group 1-6,text,true,,150,10,10,22,1,0,0
1473017121744,26,HTTP Request,200,OK,Thread Group 1-5,text,true,,150,10,10,26,1,0,0
1473017121746,29,HTTP Request,200,OK,Thread Group 1-8,text,true,,149,10,10,29,1,0,0
1473017121750,30,HTTP Request,200,OK,Thread Group 1-3,text,true,,149,10,10,30,1,0,0
1473017121750,34,HTTP Request,200,OK,Thread Group 1-1,text,true,,149,10,10,34,1,0,0
1473017121746,39,HTTP Request,200,OK,Thread Group 1-2,text,true,,149,10,10,39,1,0,0
1473017121750,37,HTTP Request,200,OK,Thread Group 1-7,text,true,,149,10,10,37,1,0,0
1473017121761,28,HTTP Request,200,OK,Thread Group 1-9,text,true,,149,10,10,28,1,0,0
1473017121761,28,HTTP Request,200,OK,Thread Group 1-4,text,true,,151,10,10,28,1,0,0
1473017121754,41,HTTP Request,200,OK,Thread Group 1-10,text,true,,150,10,10,41,1,0,0
1473017121770,25,HTTP Request,200,OK,Thread Group 1-5,text,true,,149,10,10,25,1,0,0
1473017121767,28,HTTP Request,200,OK,Thread Group 1-6,text,true,,149,10,10,28,1,0,0
1473017121776,36,HTTP Request,200,OK,Thread Group 1-8,text,true,,149,10,10,36,1,0,0
1473017121789,29,HTTP Request,200,OK,Thread Group 1-4,text,true,,151,10,10,29,1,0,0
1473017121784,35,HTTP Request,200,OK,Thread Group 1-1,text,true,,151,10,10,35,1,0,0
1473017121787,32,HTTP Request,200,OK,Thread Group 1-7,text,true,,149,10,10,32,1,0,0
1473017121785,36,HTTP Request,200,OK,Thread Group 1-2,text,true,,149,10,10,36,1,0,0
1473017121795,31,HTTP Request,200,OK,Thread Group 1-10,text,true,,149,10,10,31,1,0,0
1473017121789,42,HTTP Request,200,OK,Thread Group 1-9,text,true,,149,10,10,42,1,0,0
1473017121780,51,HTTP Request,200,OK,Thread Group 1-3,text,true,,149,10,10,51,1,0,0
1473017121795,36,HTTP Request,200,OK,Thread Group 1-5,text,true,,149,10,10,36,1,0,0
1473017121795,38,HTTP Request,200,OK,Thread Group 1-6,text,true,,149,10,10,38,1,0,0
1473017121812,24,HTTP Request,200,OK,Thread Group 1-8,text,true,,149,10,10,24,1,0,0
1473017121819,23,HTTP Request,200,OK,Thread Group 1-1,text,true,,149,10,10,23,1,0,0
1473017121819,23,HTTP Request,200,OK,Thread Group 1-7,text,true,,150,10,10,23,1,0,0
1473017121818,25,HTTP Request,200,OK,Thread Group 1-4,text,true,,150,10,10,25,1,0,0
1473017121821,31,HTTP Request,200,OK,Thread Group 1-2,text,true,,149,10,10,31,1,0,0
1473017121831,24,HTTP Request,200,OK,Thread Group 1-3,text,true,,149,10,10,24,1,0,0
1473017121826,32,HTTP Request,200,OK,Thread Group 1-10,text,true,,149,10,10,32,1,0,0
1473017121836,28,HTTP Request,200,OK,Thread Group 1-8,text,true,,149,10,10,28,1,0,0
1473017121831,33,HTTP Request,200,OK,Thread Group 1-9,text,true,,149,10,10,33,1,0,0
1473017121833,38,HTTP Request,200,OK,Thread Group 1-6,text,true,,149,10,10,38,1,0,0
1473017121831,40,HTTP Request,200,OK,Thread Group 1-5,text,true,,150,10,10,40,1,0,0
1473017121842,29,HTTP Request,200,OK,Thread Group 1-1,text,true,,150,10,10,29,1,0,0
1473017121842,29,HTTP Request,200,OK,Thread Group 1-7,text,true,,149,10,10,29,1,0,0
1473017121843,28,HTTP Request,200,OK,Thread Group 1-4,text,true,,149,10,10,28,1,0,0
1473017121852,23,HTTP Request,200,OK,Thread Group 1-2,text,true,,149,10,10,23,1,0,0
1473017121855,26,HTTP Request,200,OK,Thread Group 1-3,text,true,,149,10,10,26,1,0,0
1473017121858,24,HTTP Request,200,OK,Thread Group 1-10,text,true,,150,10,10,24,1,0,0
1473017121864,27,HTTP Request,200,OK,Thread Group 1-8,text,true,,150,10,10,27,1,0,0
1473017121864,33,HTTP Request,200,OK,Thread Group 1-9,text,true,,149,10,10,33,1,0,0
1473017121871,27,HTTP Request,200,OK,Thread Group 1-1,text,true,,149,10,10,27,1,0,0
1473017121871,34,HTTP Request,200,OK,Thread Group 1-4,text,true,,149,10,10,34,1,0,0
1473017121871,34,HTTP Request,200,OK,Thread Group 1-6,text,true,,149,10,10,34,1,0,0
1473017121871,34,HTTP Request,200,OK,Thread Group 1-5,text,true,,150,10,10,34,1,0,0
1473017121871,36,HTTP Request,200,OK,Thread Group 1-7,text,true,,149,10,10,36,1,0,0
1473017121875,40,HTTP Request,200,OK,Thread Group 1-2,text,true,,149,10,10,40,1,0,0
1473017121891,24,HTTP Request,200,OK,Thread Group 1-8,text,true,,149,10,10,24,1,0,0
1473017121882,33,HTTP Request,200,OK,Thread Group 1-10,text,true,,149,10,10,33,1,0,0
1473017121881,34,HTTP Request,200,OK,Thread Group 1-3,text,true,,149,10,10,34,1,0,0
1473017121897,23,HTTP Request,200,OK,Thread Group 1-9,text,true,,151,10,10,23,1,0,0
1473017121898,23,HTTP Request,200,OK,Thread Group 1-1,text,true,,149,10,10,23,1,0,0
1473017121905,24,HTTP Request,200,OK,Thread Group 1-5,text,true,,149,10,10,24,1,0,0
1473017121905,24,HTTP Request,200,OK,Thread Group 1-4,text,true,,149,10,10,24,1,0,0
1473017121905,24,HTTP Request,200,OK,Thread Group 1-6,text,true,,149,10,10,24,1,0,0
1473017121915,24,HTTP Request,200,OK,Thread Group 1-10,text,true,,149,10,10,24,1,0,0
1473017121907,37,HTTP Request,200,OK,Thread Group 1-7,text,true,,149,10,10,37,1,0,0
1473017121915,29,HTTP Request,200,OK,Thread Group 1-3,text,true,,149,10,10,29,1,0,0
1473017121921,23,HTTP Request,200,OK,Thread Group 1-1,text,true,,150,10,10,23,1,0,0
1473017121915,30,HTTP Request,200,OK,Thread Group 1-2,text,true,,149,10,10,30,1,0,0
1473017121915,31,HTTP Request,200,OK,Thread Group 1-8,text,true,,149,10,10,30,1,0,0
1473017121920,34,HTTP Request,200,OK,Thread Group 1-9,text,true,,149,10,10,34,1,0,0
1473017121930,26,HTTP Request,200,OK,Thread Group 1-4,text,true,,150,10,10,26,1,0,0
1473017121930,27,HTTP Request,200,OK,Thread Group 1-5,text,true,,150,10,10,27,1,0,0
1473017121930,28,HTTP Request,200,OK,Thread Group 1-6,text,true,,149,10,10,28,1,0,0
1473017121944,26,HTTP Request,200,OK,Thread Group 1-3,text,true,,150,10,10,26,1,0,0
1473017121946,24,HTTP Request,200,OK,Thread Group 1-8,text,true,,149,10,10,24,1,0,0
1473017121944,52,HTTP Request,200,OK,Thread Group 1-7,text,true,,149,10,10,52,1,0,0
1473017121946,50,HTTP Request,200,OK,Thread Group 1-2,text,true,,149,10,10,50,1,0,0
1473017121956,40,HTTP Request,200,OK,Thread Group 1-4,text,true,,149,10,10,40,1,0,0
1473017121957,39,HTTP Request,200,OK,Thread Group 1-5,text,true,,149,10,10,39,1,0,0
1473017121954,42,HTTP Request,200,OK,Thread Group 1-9,text,true,,149,10,10,42,1,0,0
1473017121939,57,HTTP Request,200,OK,Thread Group 1-10,text,true,,151,10,10,57,1,0,0
1473017121944,52,HTTP Request,200,OK,Thread Group 1-1,text,true,,149,10,10,52,1,0,0
1473017121958,39,HTTP Request,200,OK,Thread Group 1-6,text,true,,151,10,10,39,1,0,0
1473017121971,30,HTTP Request,200,OK,Thread Group 1-8,text,true,,149,10,10,30,1,0,0
1473017121971,30,HTTP Request,200,OK,Thread Group 1-3,text,true,,149,10,10,30,1,0,0
1473017121996,50,HTTP Request,200,OK,Thread Group 1-10,text,true,,149,10,10,50,1,0,0
1473017121996,50,HTTP Request,200,OK,Thread Group 1-5,text,true,,151,10,10,50,1,0,0
1473017121996,50,HTTP Request,200,OK,Thread Group 1-1,text,true,,149,10,10,50,1,0,0
1473017121996,50,HTTP Request,200,OK,Thread Group 1-7,text,true,,150,10,10,50,1,0,0
1473017121996,50,HTTP Request,200,OK,Thread Group 1-2,text,true,,149,10,10,50,1,0,0
1473017121996,50,HTTP Request,200,OK,Thread Group 1-4,text,true,,151,10,10,50,1,0,0
1473017122001,45,HTTP Request,200,OK,Thread Group 1-3,text,true,,149,10,10,45,1,0,0
1473017121996,50,HTTP Request,200,OK,Thread Group 1-9,text,true,,149,10,10,50,1,0,0
1473017121997,50,HTTP Request,200,OK,Thread Group 1-6,text,true,,149,10,10,50,1,0,0
1473017122001,46,HTTP Request,200,OK,Thread Group 1-8,text,true,,149,10,10,46,1,0,0
1473017122047,47,HTTP Request,200,OK,Thread Group 1-9,text,true,,149,10,10,47,1,0,0
1473017122046,50,HTTP Request,200,OK,Thread Group 1-5,text,true,,149,10,10,50,1,0,0
1473017122046,50,HTTP Request,200,OK,Thread Group 1-2,text,true,,149,10,10,50,1,0,0
1473017122046,64,HTTP Request,200,OK,Thread Group 1-7,text,true,,149,10,10,64,1,0,0
1473017122046,64,HTTP Request,200,OK,Thread Group 1-1,text,true,,149,10,10,64,1,0,0
1473017122047,63,HTTP Request,200,OK,Thread Group 1-3,text,true,,151,10,10,63,1,0,0
1473017122046,66,HTTP Request,200,OK,Thread Group 1-4,text,true,,149,10,10,66,1,0,0
1473017122046,66,HTTP Request,200,OK,Thread Group 1-10,text,true,,149,10,10,66,1,0,0
1473017122047,71,HTTP Request,200,OK,Thread Group 1-6,text,true,,149,10,10,71,1,0,0
1473017122094,27,HTTP Request,200,OK,Thread Group 1-9,text,true,,149,10,10,27,1,0,0
1473017122047,74,HTTP Request,200,OK,Thread Group 1-8,text,true,,149,10,10,74,1,0,0
1473017122096,25,HTTP Request,200,OK,Thread Group 1-5,text,true,,150,10,10,25,1,0,0
1473017122096,29,HTTP Request,200,OK,Thread Group 1-2,text,true,,149,10,10,29,1,0,0
1473017122110,31,HTTP Request,200,OK,Thread Group 1-3,text,true,,149,10,10,31,1,0,0
1473017122110,31,HTTP Request,200,OK,Thread Group 1-1,text,true,,149,10,10,31,1,0,0
1473017122110,31,HTTP Request,200,OK,Thread Group 1-7,text,true,,149,10,10,31,1,0,0
1473017122121,79,HTTP Request,200,OK,Thread Group 1-9,text,true,,150,10,10,79,1,0,0
1473017122119,81,HTTP Request,200,OK,Thread Group 1-6,text,true,,149,10,10,81,1,0,0
1473017122141,59,HTTP Request,200,OK,Thread Group 1-7,text,true,,149,10,10,59,1,0,0
1473017122121,79,HTTP Request,200,OK,Thread Group 1-8,text,true,,149,10,10,79,1,0,0
1473017122112,88,HTTP Request,200,OK,Thread Group 1-10,text,true,,149,10,10,88,1,0,0
1473017122121,79,HTTP Request,200,OK,Thread Group 1-5,text,true,,149,10,10,79,1,0,0
1473017122141,59,HTTP Request,200,OK,Thread Group 1-1,text,true,,149,10,10,59,1,0,0
1473017122112,88,HTTP Request,200,OK,Thread Group 1-4,text,true,,149,10,10,88,1,0,0
1473017122125,78,HTTP Request,200,OK,Thread Group 1-2,text,true,,151,10,10,78,1,0,0
1473017122141,62,HTTP Request,200,OK,Thread Group 1-3,text,true,,151,10,10,62,1,0,0
1473017122200,36,HTTP Request,200,OK,Thread Group 1-5,text,true,,149,10,10,36,1,0,0
1473017122200,36,HTTP Request,200,OK,Thread Group 1-7,text,true,,149,10,10,36,1,0,0
1473017122203,33,HTTP Request,200,OK,Thread Group 1-3,text,true,,151,10,10,33,1,0,0
1473017122201,70,HTTP Request,200,OK,Thread Group 1-4,text,true,,149,10,10,70,1,0,0
1473017122203,68,HTTP Request,200,OK,Thread Group 1-2,text,true,,149,10,10,68,1,0,0
1473017122200,71,HTTP Request,200,OK,Thread Group 1-9,text,true,,149,10,10,71,1,0,0
1473017122200,71,HTTP Request,200,OK,Thread Group 1-10,text,true,,149,10,10,71,1,0,0
1473017122200,71,HTTP Request,200,OK,Thread Group 1-8,text,true,,151,10,10,71,1,0,0
1473017122200,71,HTTP Request,200,OK,Thread Group 1-1,text,true,,150,10,10,71,1,0,0
1473017122200,72,HTTP Request,200,OK,Thread Group 1-6,text,true,,149,10,10,72,1,0,0
1473017122236,45,HTTP Request,200,OK,Thread Group 1-7,text,true,,149,10,10,45,1,0,0
1473017122236,45,HTTP Request,200,OK,Thread Group 1-5,text,true,,149,10,10,45,1,0,0
1473017122236,45,HTTP Request,200,OK,Thread Group 1-3,text,true,,150,10,10,45,1,0,0
1473017122271,37,HTTP Request,200,OK,Thread Group 1-2,text,true,,149,10,10,37,1,0,0
1473017122271,37,HTTP Request,200,OK,Thread Group 1-1,text,true,,149,10,10,37,1,0,0
1473017122271,37,HTTP Request,200,OK,Thread Group 1-4,text,true,,149,10,10,37,1,0,0
1473017122271,37,HTTP Request,200,OK,Thread Group 1-10,text,true,,149,10,10,37,1,0,0
1473017122271,37,HTTP Request,200,OK,Thread Group 1-8,text,true,,149,10,10,37,1,0,0
1473017122281,46,HTTP Request,200,OK,Thread Group 1-3,text,true,,150,10,10,46,1,0,0
1473017122272,55,HTTP Request,200,OK,Thread Group 1-6,text,true,,149,10,10,55,1,0,0
1473017122281,46,HTTP Request,200,OK,Thread Group 1-5,text,true,,149,10,10,46,1,0,0
1473017122271,56,HTTP Request,200,OK,Thread Group 1-9,text,true,,149,10,10,56,1,0,0
1473017122281,46,HTTP Request,200,OK,Thread Group 1-7,text,true,,149,10,10,46,1,0,0
1473017122308,42,HTTP Request,200,OK,Thread Group 1-8,text,true,,150,10,10,42,1,0,0
1473017122308,42,HTTP Request,200,OK,Thread Group 1-10,text,true,,149,10,10,42,1,0,0
1473017122308,42,HTTP Request,200,OK,Thread Group 1-4,text,true,,149,10,10,42,1,0,0
1473017122308,51,HTTP Request,200,OK,Thread Group 1-2,text,true,,150,10,10,51,1,0,0
1473017122308,51,HTTP Request,200,OK,Thread Group 1-1,text,true,,149,10,10,51,1,0,0
1473017122327,32,HTTP Request,200,OK,Thread Group 1-3,text,true,,151,10,10,32,1,0,0
1473017122327,33,HTTP Request,200,OK,Thread Group 1-6,text,true,,149,10,10,33,1,0,0
1473017122327,34,HTTP Request,200,OK,Thread Group 1-9,text,true,,151,10,10,34,1,0,0
1473017122327,36,HTTP Request,200,OK,Thread Group 1-5,text,true,,149,10,10,36,1,0,0
1473017122327,38,HTTP Request,200,OK,Thread Group 1-7,text,true,,149,10,10,38,1,0,0
1473017122350,34,HTTP Request,200,OK,Thread Group 1-4,text,true,,149,10,10,34,1,0,0
1473017122350,37,HTTP Request,200,OK,Thread Group 1-10,text,true,,149,10,10,37,1,0,0
1473017122350,37,HTTP Request,200,OK,Thread Group 1-8,text,true,,149,10,10,37,1,0,0
1473017122359,30,HTTP Request,200,OK,Thread Group 1-3,text,true,,149,10,10,30,1,0,0
1473017122360,30,HTTP Request,200,OK,Thread Group 1-6,text,true,,149,10,10,30,1,0,0
1473017122361,30,HTTP Request,200,OK,Thread Group 1-9,text,true,,149,10,10,30,1,0,0
1473017122365,28,HTTP Request,200,OK,Thread Group 1-7,text,true,,149,10,10,28,1,0,0
1473017122359,35,HTTP Request,200,OK,Thread Group 1-2,text,true,,149,10,10,35,1,0,0
1473017122363,31,HTTP Request,200,OK,Thread Group 1-5,text,true,,150,10,10,31,1,0,0
1473017122359,35,HTTP Request,200,OK,Thread Group 1-1,text,true,,149,10,10,35,1,0,0
1473017122384,25,HTTP Request,200,OK,Thread Group 1-4,text,true,,149,10,10,25,1,0,0
1473017122387,30,HTTP Request,200,OK,Thread Group 1-10,text,true,,149,10,10,30,1,0,0
1473017122390,27,HTTP Request,200,OK,Thread Group 1-3,text,true,,149,10,10,27,1,0,0
1473017122392,33,HTTP Request,200,OK,Thread Group 1-9,text,true,,149,10,10,33,1,0,0
1473017122387,38,HTTP Request,200,OK,Thread Group 1-8,text,true,,149,10,10,38,1,0,0
1473017122394,33,HTTP Request,200,OK,Thread Group 1-2,text,true,,151,10,10,33,1,0,0
1473017122394,34,HTTP Request,200,OK,Thread Group 1-1,text,true,,149,10,10,34,1,0,0
1473017122390,42,HTTP Request,200,OK,Thread Group 1-6,text,true,,150,10,10,42,1,0,0
1473017122393,40,HTTP Request,200,OK,Thread Group 1-7,text,true,,149,10,10,40,1,0,0
1473017122394,42,HTTP Request,200,OK,Thread Group 1-5,text,true,,149,10,10,42,1,0,0
1473017122409,32,HTTP Request,200,OK,Thread Group 1-4,text,true,,149,10,10,32,1,0,0
1473017122417,25,HTTP Request,200,OK,Thread Group 1-3,text,true,,150,10,10,25,1,0,0
1473017122425,23,HTTP Request,200,OK,Thread Group 1-9,text,true,,149,10,10,23,1,0,0
1473017122425,23,HTTP Request,200,OK,Thread Group 1-8,text,true,,149,10,10,23,1,0,0
1473017122417,35,HTTP Request,200,OK,Thread Group 1-10,text,true,,150,10,10,35,1,0,0
1473017122428,24,HTTP Request,200,OK,Thread Group 1-1,text,true,,149,10,10,24,1,0,0
1473017122427,28,HTTP Request,200,OK,Thread Group 1-2,text,true,,150,10,10,28,1,0,0
1473017122436,23,HTTP Request,200,OK,Thread Group 1-5,text,true,,149,10,10,23,1,0,0
1473017122434,28,HTTP Request,200,OK,Thread Group 1-7,text,true,,149,10,10,28,1,0,0
1473017122433,29,HTTP Request,200,OK,Thread Group 1-6,text,true,,149,10,10,29,1,0,0
1473017122441,27,HTTP Request,200,OK,Thread Group 1-4,text,true,,150,10,10,27,1,0,0
1473017122449,22,HTTP Request,200,OK,Thread Group 1-9,text,true,,151,10,10,22,1,0,0
1473017122442,29,HTTP Request,200,OK,Thread Group 1-3,text,true,,149,10,10,29,1,0,0
1473017122449,27,HTTP Request,200,OK,Thread Group 1-8,text,true,,149,10,10,27,1,0,0
1473017122453,27,HTTP Request,200,OK,Thread Group 1-1,text,true,,149,10,10,27,1,0,0
1473017122452,30,HTTP Request,200,OK,Thread Group 1-10,text,true,,149,10,10,30,1,0,0
1473017122456,30,HTTP Request,200,OK,Thread Group 1-2,text,true,,149,10,10,30,1,0,0
1473017122462,28,HTTP Request,200,OK,Thread Group 1-7,text,true,,149,10,10,28,1,0,0
1473017122460,30,HTTP Request,200,OK,Thread Group 1-5,text,true,,149,10,10,30,1,0,0
1473017122468,25,HTTP Request,200,OK,Thread Group 1-4,text,true,,149,10,10,25,1,0,0
1473017122462,32,HTTP Request,200,OK,Thread Group 1-6,text,true,,151,10,10,32,1,0,0
1473017122471,27,HTTP Request,200,OK,Thread Group 1-9,text,true,,149,10,10,27,1,0,0
1473017122471,27,HTTP Request,200,OK,Thread Group 1-3,text,true,,149,10,10,27,1,0,0
1473017122476,25,HTTP Request,200,OK,Thread Group 1-8,text,true,,149,10,10,25,1,0,0
1473017122480,22,HTTP Request,200,OK,Thread Group 1-1,text,true,,149,10,10,22,1,0,0
1473017122482,29,HTTP Request,200,OK,Thread Group 1-10,text,true,,149,10,10,29,1,0,0
1473017122486,25,HTTP Request,200,OK,Thread Group 1-2,text,true,,149,10,10,25,1,0,0
1473017122490,29,HTTP Request,200,OK,Thread Group 1-7,text,true,,149,10,10,29,1,0,0
1473017122494,34,HTTP Request,200,OK,Thread Group 1-4,text,true,,149,10,10,34,1,0,0
1473017122498,30,HTTP Request,200,OK,Thread Group 1-3,text,true,,151,10,10,30,1,0,0
1473017122501,27,HTTP Request,200,OK,Thread Group 1-8,text,true,,149,10,10,27,1,0,0
1473017122494,34,HTTP Request,200,OK,Thread Group 1-6,text,true,,149,10,10,34,1,0,0
1473017122490,38,HTTP Request,200,OK,Thread Group 1-5,text,true,,150,10,10,38,1,0,0
1473017122498,30,HTTP Request,200,OK,Thread Group 1-9,text,true,,149,10,10,30,1,0,0
1473017122502,28,HTTP Request,200,OK,Thread Group 1-1,text,true,,149,10,10,28,1,0,0
1473017122511,24,HTTP Request,200,OK,Thread Group 1-2,text,true,,149,10,10,24,1,0,0
1473017122511,24,HTTP Request,200,OK,Thread Group 1-10,text,true,,149,10,10,24,1,0,0
1473017122519,24,HTTP Request,200,OK,Thread Group 1-7,text,true,,150,10,10,24,1,0,0
1473017122528,23,HTTP Request,200,OK,Thread Group 1-8,text,true,,149,10,10,23,1,0,0
1473017122528,26,HTTP Request,200,OK,Thread Group 1-4,text,true,,149,10,10,26,1,0,0
1473017122528,30,HTTP Request,200,OK,Thread Group 1-9,text,true,,151,10,10,30,1,0,0
1473017122528,32,HTTP Request,200,OK,Thread Group 1-3,text,true,,149,10,10,32,1,0,0
1473017122535,29,HTTP Request,200,OK,Thread Group 1-10,text,true,,149,10,10,29,1,0,0
1473017122530,35,HTTP Request,200,OK,Thread Group 1-1,text,true,,150,10,10,35,1,0,0
1473017122535,34,HTTP Request,200,OK,Thread Group 1-2,text,true,,150,10,10,34,1,0,0
1473017122528,41,HTTP Request,200,OK,Thread Group 1-6,text,true,,150,10,10,41,1,0,0
1473017122528,41,HTTP Request,200,OK,Thread Group 1-5,text,true,,151,10,10,41,1,0,0
1473017122543,28,HTTP Request,200,OK,Thread Group 1-7,text,true,,149,10,10,28,1,0,0
1473017122551,23,HTTP Request,200,OK,Thread Group 1-8,text,true,,149,10,10,23,1,0,0
1473017122554,26,HTTP Request,200,OK,Thread Group 1-4,text,true,,151,10,10,26,1,0,0
1473017122560,23,HTTP Request,200,OK,Thread Group 1-3,text,true,,149,10,10,23,1,0,0
1473017122559,26,HTTP Request,200,OK,Thread Group 1-9,text,true,,149,10,10,26,1,0,0
1473017122565,25,HTTP Request,200,OK,Thread Group 1-10,text,true,,151,10,10,25,1,0,0
1473017122569,23,HTTP Request,200,OK,Thread Group 1-2,text,true,,149,10,10,23,1,0,0
1473017122569,33,HTTP Request,200,OK,Thread Group 1-6,text,true,,149,10,10,33,1,0,0
1473017122569,33,HTTP Request,200,OK,Thread Group 1-5,text,true,,149,10,10,33,1,0,0
1473017122574,29,HTTP Request,200,OK,Thread Group 1-8,text,true,,151,10,10,29,1,0,0
1473017122571,37,HTTP Request,200,OK,Thread Group 1-7,text,true,,149,10,10,37,1,0,0
1473017122583,31,HTTP Request,200,OK,Thread Group 1-3,text,true,,149,10,10,31,1,0,0
1473017122565,49,HTTP Request,200,OK,Thread Group 1-1,text,true,,150,10,10,49,1,0,0
1473017122590,24,HTTP Request,200,OK,Thread Group 1-10,text,true,,149,10,10,24,1,0,0
1473017122585,29,HTTP Request,200,OK,Thread Group 1-9,text,true,,151,10,10,29,1,0,0
1473017122580,35,HTTP Request,200,OK,Thread Group 1-4,text,true,,149,10,10,34,1,0,0
1473017122592,30,HTTP Request,200,OK,Thread Group 1-2,text,true,,151,10,10,30,1,0,0
1473017122608,26,HTTP Request,200,OK,Thread Group 1-7,text,true,,149,10,10,26,1,0,0
1473017122603,31,HTTP Request,200,OK,Thread Group 1-8,text,true,,149,10,10,31,1,0,0
1473017122603,31,HTTP Request,200,OK,Thread Group 1-6,text,true,,151,10,10,31,1,0,0
1473017122603,31,HTTP Request,200,OK,Thread Group 1-5,text,true,,149,10,10,31,1,0,0
1473017122614,29,HTTP Request,200,OK,Thread Group 1-1,text,true,,150,10,10,29,1,0,0
1473017122614,44,HTTP Request,200,OK,Thread Group 1-9,text,true,,149,10,10,44,1,0,0
1473017122614,44,HTTP Request,200,OK,Thread Group 1-3,text,true,,149,10,10,44,1,0,0
1473017122622,36,HTTP Request,200,OK,Thread Group 1-2,text,true,,150,10,10,36,1,0,0
1473017122614,44,HTTP Request,200,OK,Thread Group 1-10,text,true,,149,10,10,44,1,0,0
1473017122615,48,HTTP Request,200,OK,Thread Group 1-4,text,true,,150,10,10,48,1,0,0
1473017122634,32,HTTP Request,200,OK,Thread Group 1-6,text,true,,149,10,10,32,1,0,0
1473017122634,32,HTTP Request,200,OK,Thread Group 1-8,text,true,,149,10,10,32,1,0,0
1473017122634,35,HTTP Request,200,OK,Thread Group 1-5,text,true,,149,10,10,35,1,0,0
1473017122643,28,HTTP Request,200,OK,Thread Group 1-1,text,true,,149,10,10,28,1,0,0
1473017122634,37,HTTP Request,200,OK,Thread Group 1-7,text,true,,151,10,10,37,1,0,0
1473017122658,24,HTTP Request,200,OK,Thread Group 1-9,text,true,,149,10,10,24,1,0,0
1473017122658,24,HTTP Request,200,OK,Thread Group 1-10,text,true,,150,10,10,24,1,0,0
1473017122658,25,HTTP Request,200,OK,Thread Group 1-2,text,true,,149,10,10,25,1,0,0
1473017122658,30,HTTP Request,200,OK,Thread Group 1-3,text,true,,149,10,10,30,1,0,0
1473017122664,26,HTTP Request,200,OK,Thread Group 1-4,text,true,,149,10,10,26,1,0,0
1473017122667,27,HTTP Request,200,OK,Thread Group 1-8,text,true,,150,10,10,27,1,0,0
1473017122669,26,HTTP Request,200,OK,Thread Group 1-5,text,true,,151,10,10,26,1,0,0
1473017122667,32,HTTP Request,200,OK,Thread Group 1-6,text,true,,150,10,10,32,1,0,0
1473017122671,29,HTTP Request,200,OK,Thread Group 1-1,text,true,,149,10,10,29,1,0,0
1473017122671,31,HTTP Request,200,OK,Thread Group 1-7,text,true,,149,10,10,31,1,0,0
1473017122683,26,HTTP Request,200,OK,Thread Group 1-10,text,true,,149,10,10,26,1,0,0
1473017122683,26,HTTP Request,200,OK,Thread Group 1-2,text,true,,150,10,10,26,1,0,0
1473017122688,28,HTTP Request,200,OK,Thread Group 1-3,text,true,,149,10,10,28,1,0,0
1473017122682,35,HTTP Request,200,OK,Thread Group 1-9,text,true,,151,10,10,35,1,0,0
1473017122699,25,HTTP Request,200,OK,Thread Group 1-6,text,true,,149,10,10,25,1,0,0
1473017122690,34,HTTP Request,200,OK,Thread Group 1-4,text,true,,149,10,10,34,1,0,0
1473017122694,30,HTTP Request,200,OK,Thread Group 1-8,text,true,,149,10,10,30,1,0,0
1473017122696,28,HTTP Request,200,OK,Thread Group 1-5,text,true,,151,10,10,28,1,0,0
1473017122710,24,HTTP Request,200,OK,Thread Group 1-10,text,true,,149,10,10,24,1,0,0
1473017122710,24,HTTP Request,200,OK,Thread Group 1-2,text,true,,151,10,10,24,1,0,0
1473017122702,32,HTTP Request,200,OK,Thread Group 1-7,text,true,,150,10,10,32,1,0,0
1473017122701,33,HTTP Request,200,OK,Thread Group 1-1,text,true,,149,10,10,33,1,0,0
1473017122717,31,HTTP Request,200,OK,Thread Group 1-9,text,true,,149,10,10,31,1,0,0
1473017122716,32,HTTP Request,200,OK,Thread Group 1-3,text,true,,149,10,10,32,1,0,0
1473017122725,29,HTTP Request,200,OK,Thread Group 1-8,text,true,,149,10,10,28,1,0,0
1473017122725,31,HTTP Request,200,OK,Thread Group 1-5,text,true,,149,10,10,31,1,0,0
1473017122725,31,HTTP Request,200,OK,Thread Group 1-6,text,true,,149,10,10,31,1,0,0
1473017122734,25,HTTP Request,200,OK,Thread Group 1-2,text,true,,149,10,10,25,1,0,0
1473017122725,37,HTTP Request,200,OK,Thread Group 1-4,text,true,,149,10,10,37,1,0,0
1473017122734,31,HTTP Request,200,OK,Thread Group 1-10,text,true,,149,10,10,31,1,0,0
1473017122734,33,HTTP Request,200,OK,Thread Group 1-1,text,true,,149,10,10,33,1,0,0
1473017122734,34,HTTP Request,200,OK,Thread Group 1-7,text,true,,149,10,10,34,1,0,0
1473017122748,24,HTTP Request,200,OK,Thread Group 1-9,text,true,,150,10,10,24,1,0,0
1473017122748,24,HTTP Request,200,OK,Thread Group 1-3,text,true,,149,10,10,24,1,0,0
1473017122754,22,HTTP Request,200,OK,Thread Group 1-8,text,true,,149,10,10,22,1,0,0
1473017122756,24,HTTP Request,200,OK,Thread Group 1-5,text,true,,149,10,10,24,1,0,0
1473017122759,26,HTTP Request,200,OK,Thread Group 1-2,text,true,,151,10,10,26,1,0,0
1473017122767,23,HTTP Request,200,OK,Thread Group 1-1,text,true,,149,10,10,23,1,0,0
1473017122762,28,HTTP Request,200,OK,Thread Group 1-4,text,true,,149,10,10,28,1,0,0
1473017122772,23,HTTP Request,200,OK,Thread Group 1-9,text,true,,149,10,10,23,1,0,0
1473017122757,39,HTTP Request,200,OK,Thread Group 1-6,text,true,,151,10,10,39,1,0,0
1473017122768,30,HTTP Request,200,OK,Thread Group 1-7,text,true,,150,10,10,30,1,0,0
1473017122772,26,HTTP Request,200,OK,Thread Group 1-3,text,true,,149,10,10,26,1,0,0
1473017122765,34,HTTP Request,200,OK,Thread Group 1-10,text,true,,149,10,10,34,1,0,0
1473017122777,31,HTTP Request,200,OK,Thread Group 1-8,text,true,,149,10,10,31,1,0,0
1473017122780,28,HTTP Request,200,OK,Thread Group 1-5,text,true,,151,10,10,28,1,0,0
1473017122785,25,HTTP Request,200,OK,Thread Group 1-2,text,true,,149,10,10,25,1,0,0
1473017122790,24,HTTP Request,200,OK,Thread Group 1-1,text,true,,149,10,10,24,1,0,0
1473017122790,24,HTTP Request,200,OK,Thread Group 1-4,text,true,,149,10,10,24,1,0,0
1473017122795,25,HTTP Request,200,OK,Thread Group 1-9,text,true,,149,10,10,25,1,0,0
1473017122796,24,HTTP Request,200,OK,Thread Group 1-6,text,true,,151,10,10,24,1,0,0
1473017122800,27,HTTP Request,200,OK,Thread Group 1-10,text,true,,149,10,10,27,1,0,0
1473017122798,29,HTTP Request,200,OK,Thread Group 1-3,text,true,,149,10,10,29,1,0,0
1473017122808,25,HTTP Request,200,OK,Thread Group 1-8,text,true,,149,10,10,25,1,0,0
1473017122808,29,HTTP Request,200,OK,Thread Group 1-5,text,true,,149,10,10,29,1,0,0
1473017122798,39,HTTP Request,200,OK,Thread Group 1-7,text,true,,149,10,10,39,1,0,0
1473017122810,27,HTTP Request,200,OK,Thread Group 1-2,text,true,,149,10,10,27,1,0,0
1473017122815,27,HTTP Request,200,OK,Thread Group 1-4,text,true,,149,10,10,27,1,0,0
1473017122815,27,HTTP Request,200,OK,Thread Group 1-1,text,true,,149,10,10,27,1,0,0
1473017122820,31,HTTP Request,200,OK,Thread Group 1-6,text,true,,150,10,10,31,1,0,0
1473017122820,31,HTTP Request,200,OK,Thread Group 1-9,text,true,,149,10,10,31,1,0,0
1473017122828,29,HTTP Request,200,OK,Thread Group 1-3,text,true,,149,10,10,29,1,0,0
1473017122828,29,HTTP Request,200,OK,Thread Group 1-10,text,true,,149,10,10,29,1,0,0
1473017122837,47,HTTP Request,200,OK,Thread Group 1-2,text,true,,150,10,10,47,1,0,0
1473017122842,42,HTTP Request,200,OK,Thread Group 1-4,text,true,,149,10,10,42,1,0,0
1473017122857,29,HTTP Request,200,OK,Thread Group 1-3,text,true,,151,10,10,29,1,0,0
1473017122851,42,HTTP Request,200,OK,Thread Group 1-6,text,true,,150,10,10,42,1,0,0
1473017122857,38,HTTP Request,200,OK,Thread Group 1-10,text,true,,150,10,10,38,1,0,0
1473017122837,59,HTTP Request,200,OK,Thread Group 1-7,text,true,,149,10,10,59,1,0,0
1473017122833,63,HTTP Request,200,OK,Thread Group 1-8,text,true,,149,10,10,63,1,0,0
1473017122842,55,HTTP Request,200,OK,Thread Group 1-1,text,true,,150,10,10,55,1,0,0
1473017122837,65,HTTP Request,200,OK,Thread Group 1-5,text,true,,149,10,10,65,1,0,0
1473017122851,54,HTTP Request,200,OK,Thread Group 1-9,text,true,,149,10,10,54,1,0,0
1473017122884,23,HTTP Request,200,OK,Thread Group 1-2,text,true,,149,10,10,23,1,0,0
1473017122884,25,HTTP Request,200,OK,Thread Group 1-4,text,true,,149,10,10,25,1,0,0
1473017122886,28,HTTP Request,200,OK,Thread Group 1-3,text,true,,149,10,10,28,1,0,0
1473017122893,28,HTTP Request,200,OK,Thread Group 1-6,text,true,,149,10,10,28,1,0,0
1473017122895,26,HTTP Request,200,OK,Thread Group 1-10,text,true,,151,10,10,26,1,0,0
1473017122897,26,HTTP Request,200,OK,Thread Group 1-8,text,true,,149,10,10,26,1,0,0
1473017122897,26,HTTP Request,200,OK,Thread Group 1-1,text,true,,149,10,10,26,1,0,0
1473017122896,32,HTTP Request,200,OK,Thread Group 1-7,text,true,,149,10,10,32,1,0,0
1473017122905,33,HTTP Request,200,OK,Thread Group 1-9,text,true,,149,10,10,33,1,0,0
1473017122907,31,HTTP Request,200,OK,Thread Group 1-2,text,true,,149,10,10,31,1,0,0
1473017122909,31,HTTP Request,200,OK,Thread Group 1-4,text,true,,150,10,10,31,1,0,0
1473017122921,27,HTTP Request,200,OK,Thread Group 1-6,text,true,,149,10,10,27,1,0,0
1473017122914,34,HTTP Request,200,OK,Thread Group 1-3,text,true,,149,10,10,34,1,0,0
1473017122921,27,HTTP Request,200,OK,Thread Group 1-10,text,true,,149,10,10,27,1,0,0
1473017122902,50,HTTP Request,200,OK,Thread Group 1-5,text,true,,150,10,10,50,1,0,0
1473017122929,27,HTTP Request,200,OK,Thread Group 1-7,text,true,,149,10,10,27,1,0,0
1473017122923,35,HTTP Request,200,OK,Thread Group 1-8,text,true,,149,10,10,35,1,0,0
1473017122923,38,HTTP Request,200,OK,Thread Group 1-1,text,true,,149,10,10,38,1,0,0
1473017122938,27,HTTP Request,200,OK,Thread Group 1-9,text,true,,150,10,10,27,1,0,0
1473017122940,25,HTTP Request,200,OK,Thread Group 1-4,text,true,,149,10,10,25,1,0,0
1473017122938,27,HTTP Request,200,OK,Thread Group 1-2,text,true,,149,10,10,27,1,0,0
1473017122948,27,HTTP Request,200,OK,Thread Group 1-3,text,true,,149,10,10,27,1,0,0
1473017122948,27,HTTP Request,200,OK,Thread Group 1-10,text,true,,149,10,10,27,1,0,0
1473017122948,31,HTTP Request,200,OK,Thread Group 1-6,text,true,,149,10,10,31,1,0,0
1473017122953,26,HTTP Request,200,OK,Thread Group 1-5,text,true,,151,10,10,26,1,0,0
1473017122956,29,HTTP Request,200,OK,Thread Group 1-7,text,true,,149,10,10,29,1,0,0
1473017122961,29,HTTP Request,200,OK,Thread Group 1-1,text,true,,151,10,10,29,1,0,0
1473017122958,35,HTTP Request,200,OK,Thread Group 1-8,text,true,,149,10,10,35,1,0,0
1473017122965,28,HTTP Request,200,OK,Thread Group 1-4,text,true,,149,10,10,28,1,0,0
1473017122965,28,HTTP Request,200,OK,Thread Group 1-2,text,true,,149,10,10,28,1,0,0
1473017122965,30,HTTP Request,200,OK,Thread Group 1-9,text,true,,149,10,10,30,1,0,0
1473017122979,26,HTTP Request,200,OK,Thread Group 1-5,text,true,,150,10,10,26,1,0,0
1473017122975,30,HTTP Request,200,OK,Thread Group 1-10,text,true,,150,10,10,30,1,0,0
1473017122979,26,HTTP Request,200,OK,Thread Group 1-6,text,true,,150,10,10,26,1,0,0
1473017122975,32,HTTP Request,200,OK,Thread Group 1-3,text,true,,149,10,10,32,1,0,0
1473017122986,29,HTTP Request,200,OK,Thread Group 1-7,text,true,,149,10,10,29,1,0,0
1473017122993,25,HTTP Request,200,OK,Thread Group 1-8,text,true,,149,10,10,25,1,0,0
1473017122995,28,HTTP Request,200,OK,Thread Group 1-9,text,true,,150,10,10,28,1,0,0
1473017122993,30,HTTP Request,200,OK,Thread Group 1-2,text,true,,149,10,10,30,1,0,0
1473017123005,26,HTTP Request,200,OK,Thread Group 1-6,text,true,,149,10,10,26,1,0,0
1473017122993,38,HTTP Request,200,OK,Thread Group 1-4,text,true,,150,10,10,38,1,0,0
1473017122990,41,HTTP Request,200,OK,Thread Group 1-1,text,true,,149,10,10,41,1,0,0
1473017123005,27,HTTP Request,200,OK,Thread Group 1-10,text,true,,149,10,10,27,1,0,0
1473017123005,29,HTTP Request,200,OK,Thread Group 1-5,text,true,,149,10,10,28,1,0,0
1473017123007,33,HTTP Request,200,OK,Thread Group 1-3,text,true,,149,10,10,33,1,0,0
1473017123015,26,HTTP Request,200,OK,Thread Group 1-7,text,true,,149,10,10,26,1,0,0
1473017123018,24,HTTP Request,200,OK,Thread Group 1-8,text,true,,149,10,10,24,1,0,0
1473017123023,25,HTTP Request,200,OK,Thread Group 1-2,text,true,,150,10,10,25,1,0,0
1473017123023,25,HTTP Request,200,OK,Thread Group 1-9,text,true,,149,10,10,25,1,0,0
1473017123031,33,HTTP Request,200,OK,Thread Group 1-6,text,true,,150,10,10,33,1,0,0
1473017123034,37,HTTP Request,200,OK,Thread Group 1-5,text,true,,149,10,10,37,1,0,0
1473017123031,42,HTTP Request,200,OK,Thread Group 1-1,text,true,,149,10,10,42,1,0,0
1473017123048,28,HTTP Request,200,OK,Thread Group 1-9,text,true,,149,10,10,28,1,0,0
1473017123041,35,HTTP Request,200,OK,Thread Group 1-7,text,true,,149,10,10,35,1,0,0
1473017123043,33,HTTP Request,200,OK,Thread Group 1-8,text,true,,150,10,10,33,1,0,0
1473017123040,39,HTTP Request,200,OK,Thread Group 1-3,text,true,,150,10,10,39,1,0,0
1473017123031,49,HTTP Request,200,OK,Thread Group 1-4,text,true,,149,10,10,49,1,0,0
1473017123032,49,HTTP Request,200,OK,Thread Group 1-10,text,true,,151,10,10,49,1,0,0
1473017123048,34,HTTP Request,200,OK,Thread Group 1-2,text,true,,149,10,10,34,1,0,0
1473017123064,23,HTTP Request,200,OK,Thread Group 1-6,text,true,,149,10,10,23,1,0,0
1473017123071,22,HTTP Request,200,OK,Thread Group 1-5,text,true,,149,10,10,22,1,0,0
1473017123076,26,HTTP Request,200,OK,Thread Group 1-9,text,true,,149,10,10,26,1,0,0
1473017123082,24,HTTP Request,200,OK,Thread Group 1-2,text,true,,149,10,10,24,1,0,0
1473017123076,30,HTTP Request,200,OK,Thread Group 1-8,text,true,,149,10,10,30,1,0,0
1473017123080,27,HTTP Request,200,OK,Thread Group 1-4,text,true,,150,10,10,27,1,0,0
1473017123076,34,HTTP Request,200,OK,Thread Group 1-7,text,true,,149,10,10,34,1,0,0
1473017123081,31,HTTP Request,200,OK,Thread Group 1-10,text,true,,150,10,10,31,1,0,0
1473017123073,41,HTTP Request,200,OK,Thread Group 1-1,text,true,,149,10,10,41,1,0,0
1473017123093,24,HTTP Request,200,OK,Thread Group 1-5,text,true,,149,10,10,24,1,0,0
1473017123079,41,HTTP Request,200,OK,Thread Group 1-3,text,true,,150,10,10,41,1,0,0
1473017123087,33,HTTP Request,200,OK,Thread Group 1-6,text,true,,149,10,10,33,1,0,0
1473017123102,24,HTTP Request,200,OK,Thread Group 1-9,text,true,,149,10,10,24,1,0,0
1473017123107,27,HTTP Request,200,OK,Thread Group 1-4,text,true,,150,10,10,27,1,0,0
1473017123106,28,HTTP Request,200,OK,Thread Group 1-2,text,true,,149,10,10,28,1,0,0
1473017123112,31,HTTP Request,200,OK,Thread Group 1-10,text,true,,149,10,10,31,1,0,0
1473017123115,28,HTTP Request,200,OK,Thread Group 1-1,text,true,,149,10,10,28,1,0,0
1473017123120,26,HTTP Request,200,OK,Thread Group 1-3,text,true,,149,10,10,26,1,0,0
1473017123121,25,HTTP Request,200,OK,Thread Group 1-6,text,true,,149,10,10,25,1,0,0
1473017123110,39,HTTP Request,200,OK,Thread Group 1-7,text,true,,149,10,10,39,1,0,0
1473017123106,43,HTTP Request,200,OK,Thread Group 1-8,text,true,,149,10,10,43,1,0,0
1473017123126,23,HTTP Request,200,OK,Thread Group 1-9,text,true,,151,10,10,23,1,0,0
1473017123117,35,HTTP Request,200,OK,Thread Group 1-5,text,true,,149,10,10,35,1,0,0
1473017123134,23,HTTP Request,200,OK,Thread Group 1-4,text,true,,149,10,10,23,1,0,0
1473017123134,27,HTTP Request,200,OK,Thread Group 1-2,text,true,,149,10,10,27,1,0,0
1473017123143,24,HTTP Request,200,OK,Thread Group 1-1,text,true,,149,10,10,24,1,0,0
1473017123149,27,HTTP Request,200,OK,Thread Group 1-8,text,true,,151,10,10,27,1,0,0
1473017123143,40,HTTP Request,200,OK,Thread Group 1-10,text,true,,150,10,10,40,1,0,0
1473017123161,28,HTTP Request,200,OK,Thread Group 1-2,text,true,,149,10,10,28,1,0,0
1473017123157,33,HTTP Request,200,OK,Thread Group 1-4,text,true,,149,10,10,33,1,0,0
1473017123149,46,HTTP Request,200,OK,Thread Group 1-9,text,true,,149,10,10,46,1,0,0
1473017123146,49,HTTP Request,200,OK,Thread Group 1-6,text,true,,150,10,10,49,1,0,0
1473017123146,50,HTTP Request,200,OK,Thread Group 1-3,text,true,,149,10,10,50,1,0,0
1473017123167,34,HTTP Request,200,OK,Thread Group 1-1,text,true,,150,10,10,34,1,0,0
1473017123149,57,HTTP Request,200,OK,Thread Group 1-7,text,true,,150,10,10,57,1,0,0
1473017123183,24,HTTP Request,200,OK,Thread Group 1-10,text,true,,149,10,10,24,1,0,0
1473017123176,34,HTTP Request,200,OK,Thread Group 1-8,text,true,,151,10,10,34,1,0,0
1473017123152,61,HTTP Request,200,OK,Thread Group 1-5,text,true,,149,10,10,61,1,0,0
1473017123196,24,HTTP Request,200,OK,Thread Group 1-3,text,true,,150,10,10,24,1,0,0
1473017123196,24,HTTP Request,200,OK,Thread Group 1-6,text,true,,151,10,10,24,1,0,0
1473017123196,25,HTTP Request,200,OK,Thread Group 1-9,text,true,,149,10,10,25,1,0,0
1473017123190,34,HTTP Request,200,OK,Thread Group 1-4,text,true,,149,10,10,34,1,0,0
1473017123189,39,HTTP Request,200,OK,Thread Group 1-2,text,true,,149,10,10,39,1,0,0
1473017123201,28,HTTP Request,200,OK,Thread Group 1-1,text,true,,150,10,10,28,1,0,0
1473017123207,29,HTTP Request,200,OK,Thread Group 1-10,text,true,,149,10,10,29,1,0,0
1473017123206,30,HTTP Request,200,OK,Thread Group 1-7,text,true,,149,10,10,30,1,0,0
1473017123213,24,HTTP Request,200,OK,Thread Group 1-5,text,true,,149,10,10,24,1,0,0
1473017123220,26,HTTP Request,200,OK,Thread Group 1-3,text,true,,151,10,10,26,1,0,0
1473017123210,36,HTTP Request,200,OK,Thread Group 1-8,text,true,,149,10,10,36,1,0,0
1473017123221,25,HTTP Request,200,OK,Thread Group 1-9,text,true,,149,10,10,25,1,0,0
1473017123228,23,HTTP Request,200,OK,Thread Group 1-2,text,true,,149,10,10,23,1,0,0
1473017123220,31,HTTP Request,200,OK,Thread Group 1-6,text,true,,149,10,10,31,1,0,0
1473017123224,27,HTTP Request,200,OK,Thread Group 1-4,text,true,,149,10,10,27,1,0,0
1473017123229,31,HTTP Request,200,OK,Thread Group 1-1,text,true,,149,10,10,31,1,0,0
1473017123236,24,HTTP Request,200,OK,Thread Group 1-10,text,true,,151,10,10,24,1,0,0
1473017123237,24,HTTP Request,200,OK,Thread Group 1-5,text,true,,149,10,10,24,1,0,0
1473017123236,29,HTTP Request,200,OK,Thread Group 1-7,text,true,,149,10,10,29,1,0,0
1473017123246,24,HTTP Request,200,OK,Thread Group 1-3,text,true,,150,10,10,24,1,0,0
1473017123246,28,HTTP Request,200,OK,Thread Group 1-9,text,true,,149,10,10,28,1,0,0
1473017123251,24,HTTP Request,200,OK,Thread Group 1-2,text,true,,151,10,10,24,1,0,0
1473017123251,25,HTTP Request,200,OK,Thread Group 1-6,text,true,,149,10,10,25,1,0,0
1473017123251,25,HTTP Request,200,OK,Thread Group 1-4,text,true,,149,10,10,25,1,0,0
1473017123246,32,HTTP Request,200,OK,Thread Group 1-8,text,true,,149,10,10,32,1,0,0
1473017123260,27,HTTP Request,200,OK,Thread Group 1-10,text,true,,149,10,10,27,1,0,0
1473017123261,26,HTTP Request,200,OK,Thread Group 1-5,text,true,,149,10,10,26,1,0,0
1473017123260,30,HTTP Request,200,OK,Thread Group 1-1,text,true,,150,10,10,30,1,0,0
1473017123266,25,HTTP Request,200,OK,Thread Group 1-7,text,true,,149,10,10,25,1,0,0
1473017123270,32,HTTP Request,200,OK,Thread Group 1-3,text,true,,151,10,10,32,1,0,0
1473017123275,27,HTTP Request,200,OK,Thread Group 1-2,text,true,,149,10,10,27,1,0,0
1473017123276,26,HTTP Request,200,OK,Thread Group 1-4,text,true,,149,10,10,26,1,0,0
1473017123274,33,HTTP Request,200,OK,Thread Group 1-9,text,true,,149,10,10,33,1,0,0
1473017123278,31,HTTP Request,200,OK,Thread Group 1-8,text,true,,149,10,10,31,1,0,0
1473017123276,33,HTTP Request,200,OK,Thread Group 1-6,text,true,,149,10,10,33,1,0,0
1473017123287,24,HTTP Request,200,OK,Thread Group 1-10,text,true,,149,10,10,24,1,0,0
1473017123287,27,HTTP Request,200,OK,Thread Group 1-5,text,true,,149,10,10,27,1,0,0
1473017123291,27,HTTP Request,200,OK,Thread Group 1-7,text,true,,149,10,10,27,1,0,0
1473017123290,31,HTTP Request,200,OK,Thread Group 1-1,text,true,,149,10,10,31,1,0,0
1473017123302,24,HTTP Request,200,OK,Thread Group 1-2,text,true,,149,10,10,24,1,0,0
1473017123302,25,HTTP Request,200,OK,Thread Group 1-3,text,true,,150,10,10,25,1,0,0
1473017123302,29,HTTP Request,200,OK,Thread Group 1-4,text,true,,149,10,10,29,1,0,0
1473017123307,25,HTTP Request,200,OK,Thread Group 1-9,text,true,,151,10,10,25,1,0,0
1473017123310,28,HTTP Request,200,OK,Thread Group 1-6,text,true,,151,10,10,28,1,0,0
1473017123312,28,HTTP Request,200,OK,Thread Group 1-10,text,true,,150,10,10,28,1,0,0
1473017123321,28,HTTP Request,200,OK,Thread Group 1-1,text,true,,149,10,10,28,1,0,0
1473017123318,31,HTTP Request,200,OK,Thread Group 1-7,text,true,,149,10,10,31,1,0,0
1473017123314,35,HTTP Request,200,OK,Thread Group 1-5,text,true,,149,10,10,35,1,0,0
1473017123310,39,HTTP Request,200,OK,Thread Group 1-8,text,true,,150,10,10,39,1,0,0
1473017123326,27,HTTP Request,200,OK,Thread Group 1-2,text,true,,151,10,10,27,1,0,0
1473017123331,24,HTTP Request,200,OK,Thread Group 1-4,text,true,,149,10,10,24,1,0,0
1473017123327,29,HTTP Request,200,OK,Thread Group 1-3,text,true,,150,10,10,29,1,0,0
1473017123332,25,HTTP Request,200,OK,Thread Group 1-9,text,true,,149,10,10,25,1,0,0
1473017123338,24,HTTP Request,200,OK,Thread Group 1-6,text,true,,149,10,10,24,1,0,0
1473017123349,24,HTTP Request,200,OK,Thread Group 1-1,text,true,,149,10,10,24,1,0,0
1473017123340,33,HTTP Request,200,OK,Thread Group 1-10,text,true,,149,10,10,33,1,0,0
1473017123349,28,HTTP Request,200,OK,Thread Group 1-8,text,true,,151,10,10,28,1,0,0
1473017123355,51,HTTP Request,200,OK,Thread Group 1-4,text,true,,149,10,10,51,1,0,0
1473017123362,44,HTTP Request,200,OK,Thread Group 1-6,text,true,,149,10,10,44,1,0,0
1473017123378,28,HTTP Request,200,OK,Thread Group 1-8,text,true,,149,10,10,28,1,0,0
1473017123356,50,HTTP Request,200,OK,Thread Group 1-3,text,true,,150,10,10,50,1,0,0
1473017123349,57,HTTP Request,200,OK,Thread Group 1-5,text,true,,149,10,10,57,1,0,0
1473017123349,57,HTTP Request,200,OK,Thread Group 1-7,text,true,,149,10,10,57,1,0,0
1473017123373,33,HTTP Request,200,OK,Thread Group 1-1,text,true,,149,10,10,33,1,0,0
1473017123353,53,HTTP Request,200,OK,Thread Group 1-2,text,true,,149,10,10,53,1,0,0
1473017123357,49,HTTP Request,200,OK,Thread Group 1-9,text,true,,149,10,10,49,1,0,0
1473017123373,34,HTTP Request,200,OK,Thread Group 1-10,text,true,,149,10,10,34,1,0,0
1473017123406,27,HTTP Request,200,OK,Thread Group 1-7,text,true,,149,10,10,27,1,0,0
1473017123406,27,HTTP Request,200,OK,Thread Group 1-3,text,true,,149,10,10,27,1,0,0
1473017123406,34,HTTP Request,200,OK,Thread Group 1-5,text,true,,149,10,10,34,1,0,0
1473017123406,36,HTTP Request,200,OK,Thread Group 1-6,text,true,,149,10,10,36,1,0,0
1473017123411,31,HTTP Request,200,OK,Thread Group 1-4,text,true,,149,10,10,31,1,0,0
1473017123406,36,HTTP Request,200,OK,Thread Group 1-8,text,true,,149,10,10,36,1,0,0
1473017123406,40,HTTP Request,200,OK,Thread Group 1-9,text,true,,150,10,10,40,1,0,0
1473017123407,44,HTTP Request,200,OK,Thread Group 1-10,text,true,,149,10,10,44,1,0,0
1473017123406,45,HTTP Request,200,OK,Thread Group 1-1,text,true,,150,10,10,45,1,0,0
1473017123406,45,HTTP Request,200,OK,Thread Group 1-2,text,true,,151,10,10,45,1,0,0
1473017123433,24,HTTP Request,200,OK,Thread Group 1-3,text,true,,149,10,10,24,1,0,0
1473017123442,30,HTTP Request,200,OK,Thread Group 1-4,text,true,,150,9,9,30,1,0,0
1473017123442,30,HTTP Request,200,OK,Thread Group 1-6,text,true,,151,9,9,30,1,0,0
1473017123443,29,HTTP Request,200,OK,Thread Group 1-8,text,true,,149,9,9,29,1,0,0
1473017123446,27,HTTP Request,200,OK,Thread Group 1-9,text,true,,149,9,9,27,1,0,0
1473017123433,50,HTTP Request,200,OK,Thread Group 1-7,text,true,,150,9,9,50,1,0,0
1473017123440,43,HTTP Request,200,OK,Thread Group 1-5,text,true,,150,9,9,43,1,0,0
1473017123451,33,HTTP Request,200,OK,Thread Group 1-10,text,true,,149,9,9,33,1,0,0
1473017123451,34,HTTP Request,200,OK,Thread Group 1-2,text,true,,149,9,9,34,1,0,0
1473017123451,35,HTTP Request,200,OK,Thread Group 1-1,text,true,,149,9,9,35,1,0,0
1473017123472,22,HTTP Request,200,OK,Thread Group 1-8,text,true,,150,8,8,22,1,0,0
1473017123472,24,HTTP Request,200,OK,Thread Group 1-6,text,true,,149,8,8,24,1,0,0
1473017123472,25,HTTP Request,200,OK,Thread Group 1-4,text,true,,149,8,8,25,1,0,0
1473017123473,27,HTTP Request,200,OK,Thread Group 1-9,text,true,,149,8,8,27,1,0,0
1473017123483,24,HTTP Request,200,OK,Thread Group 1-5,text,true,,149,8,8,24,1,0,0
1473017123483,25,HTTP Request,200,OK,Thread Group 1-7,text,true,,149,8,8,25,1,0,0
1473017123494,94,HTTP Request,200,OK,Thread Group 1-8,text,true,,149,8,8,94,1,0,0
1473017123487,101,HTTP Request,200,OK,Thread Group 1-1,text,true,,150,8,8,101,1,0,0
1473017123484,104,HTTP Request,200,OK,Thread Group 1-10,text,true,,149,8,8,104,1,0,0
1473017123508,80,HTTP Request,200,OK,Thread Group 1-7,text,true,,149,8,8,80,1,0,0
1473017123500,88,HTTP Request,200,OK,Thread Group 1-9,text,true,,149,8,8,88,1,0,0
1473017123496,92,HTTP Request,200,OK,Thread Group 1-6,text,true,,149,8,8,92,1,0,0
1473017123507,81,HTTP Request,200,OK,Thread Group 1-5,text,true,,149,8,8,81,1,0,0
1473017123497,91,HTTP Request,200,OK,Thread Group 1-4,text,true,,149,8,8,91,1,0,0
1473017123588,30,HTTP Request,200,OK,Thread Group 1-5,text,true,,149,6,6,30,1,0,0
1473017123588,30,HTTP Request,200,OK,Thread Group 1-7,text,true,,150,5,5,30,1,0,0
1473017123588,30,HTTP Request,200,OK,Thread Group 1-4,text,true,,149,5,5,30,1,0,0
1473017123588,35,HTTP Request,200,OK,Thread Group 1-10,text,true,,149,5,5,35,1,0,0
1473017123588,78,HTTP Request,200,OK,Thread Group 1-8,text,true,,149,5,5,78,1,0,0
1473017123619,47,HTTP Request,200,OK,Thread Group 1-4,text,true,,149,5,5,47,1,0,0
1473017123588,78,HTTP Request,200,OK,Thread Group 1-6,text,true,,149,5,5,78,1,0,0
1473017123619,47,HTTP Request,200,OK,Thread Group 1-7,text,true,,149,5,5,47,1,0,0
1473017123623,43,HTTP Request,200,OK,Thread Group 1-10,text,true,,149,5,5,43,1,0,0
1473017123666,29,HTTP Request,200,OK,Thread Group 1-10,text,true,,149,2,2,29,1,0,0
1473017123666,29,HTTP Request,200,OK,Thread Group 1-6,text,true,,149,2,2,29,1,0,0
1473017123695,23,HTTP Request,200,OK,Thread Group 1-10,text,true,,150,2,2,23,1,0,0
1473017123695,23,HTTP Request,200,OK,Thread Group 1-6,text,true,,149,2,2,23,1,0,0
